loadVIPLVideo: WARNING -- container FrameRate (25 fps) disagrees with time.txt-derived FrameRate (29.7833 fps) by 19.1331% for I:\EEE 3-1\EEE 312\project\dataset\seg24_scratch\VIPL-HR\p1\v3\source1\video.avi. Using the time.txt-derived value -- see docs/VIPL_DATA_FORMAT.md Section 4.
VIPL_p1_v3_source1 ok fs=29.783 n=864 gt=72.7 (1 rows)
VIPL_p2_v3_source1 ok fs=24.931 n=506 gt=96.4 (2 rows)
VIPL_p3_v3_source1 ok fs=24.896 n=524 gt=81.4 (3 rows)
VIPL_p4_v3_source1 ok fs=24.926 n=466 gt=77.3 (4 rows)
Frame 256: face detector found nothing, reusing last known bounding box.
VIPL_p5_v3_source1 ok fs=24.925 n=547 gt=92.3 (5 rows)
VIPL_p6_v3_source1 ok fs=23.818 n=767 gt=73.7 (6 rows)
Frame 1: face detector found nothing, reusing last known bounding box.
Frame 1: no bounding box available yet, using centered fallback box.
Frame 2: no bounding box available yet, using centered fallback box.
Frame 3: no bounding box available yet, using centered fallback box.
Frame 4: no bounding box available yet, using centered fallback box.
Frame 5: no bounding box available yet, using centered fallback box.
Frame 6: face detector found nothing, reusing last known bounding box.
Frame 6: no bounding box available yet, using centered fallback box.
Frame 7: no bounding box available yet, using centered fallback box.
Frame 8: no bounding box available yet, using centered fallback box.
Frame 9: no bounding box available yet, using centered fallback box.
Frame 10: no bounding box available yet, using centered fallback box.
Frame 11: face detector found nothing, reusing last known bounding box.
Frame 11: no bounding box available yet, using centered fallback box.
Frame 12: no bounding box available yet, using centered fallback box.
Frame 13: no bounding box available yet, using centered fallback box.
Frame 14: no bounding box available yet, using centered fallback box.
Frame 15: no bounding box available yet, using centered fallback box.
Frame 16: face detector found nothing, reusing last known bounding box.
Frame 16: no bounding box available yet, using centered fallback box.
Frame 17: no bounding box available yet, using centered fallback box.
Frame 18: no bounding box available yet, using centered fallback box.
Frame 19: no bounding box available yet, using centered fallback box.
Frame 20: no bounding box available yet, using centered fallback box.
Frame 21: face detector found nothing, reusing last known bounding box.
Frame 21: no bounding box available yet, using centered fallback box.
Frame 22: no bounding box available yet, using centered fallback box.
Frame 23: no bounding box available yet, using centered fallback box.
Frame 24: no bounding box available yet, using centered fallback box.
Frame 25: no bounding box available yet, using centered fallback box.
Frame 26: face detector found nothing, reusing last known bounding box.
Frame 26: no bounding box available yet, using centered fallback box.
Frame 27: no bounding box available yet, using centered fallback box.
Frame 28: no bounding box available yet, using centered fallback box.
Frame 29: no bounding box available yet, using centered fallback box.
Frame 30: no bounding box available yet, using centered fallback box.
Frame 36: face detector found nothing, reusing last known bounding box.
Frame 41: face detector found nothing, reusing last known bounding box.
Frame 46: face detector found nothing, reusing last known bounding box.
Frame 51: face detector found nothing, reusing last known bounding box.
Frame 56: face detector found nothing, reusing last known bounding box.
Frame 61: face detector found nothing, reusing last known bounding box.
Frame 66: face detector found nothing, reusing last known bounding box.
Frame 71: face detector found nothing, reusing last known bounding box.
Frame 76: face detector found nothing, reusing last known bounding box.
Frame 81: face detector found nothing, reusing last known bounding box.
Frame 86: face detector found nothing, reusing last known bounding box.
Frame 91: face detector found nothing, reusing last known bounding box.
Frame 96: face detector found nothing, reusing last known bounding box.
Frame 101: face detector found nothing, reusing last known bounding box.
Frame 106: face detector found nothing, reusing last known bounding box.
Frame 111: face detector found nothing, reusing last known bounding box.
Frame 116: face detector found nothing, reusing last known bounding box.
Frame 121: face detector found nothing, reusing last known bounding box.
Frame 126: face detector found nothing, reusing last known bounding box.
Frame 131: face detector found nothing, reusing last known bounding box.
Frame 136: face detector found nothing, reusing last known bounding box.
Frame 141: face detector found nothing, reusing last known bounding box.
Frame 146: face detector found nothing, reusing last known bounding box.
Frame 151: face detector found nothing, reusing last known bounding box.
Frame 156: face detector found nothing, reusing last known bounding box.
Frame 161: face detector found nothing, reusing last known bounding box.
Frame 166: face detector found nothing, reusing last known bounding box.
Frame 171: face detector found nothing, reusing last known bounding box.
Frame 176: face detector found nothing, reusing last known bounding box.
Frame 181: face detector found nothing, reusing last known bounding box.
Frame 186: face detector found nothing, reusing last known bounding box.
Frame 191: face detector found nothing, reusing last known bounding box.
Frame 196: face detector found nothing, reusing last known bounding box.
Frame 201: face detector found nothing, reusing last known bounding box.
Frame 206: face detector found nothing, reusing last known bounding box.
Frame 211: face detector found nothing, reusing last known bounding box.
Frame 216: face detector found nothing, reusing last known bounding box.
Frame 221: face detector found nothing, reusing last known bounding box.
Frame 226: face detector found nothing, reusing last known bounding box.
Frame 231: face detector found nothing, reusing last known bounding box.
Frame 236: face detector found nothing, reusing last known bounding box.
Frame 241: face detector found nothing, reusing last known bounding box.
Frame 246: face detector found nothing, reusing last known bounding box.
Frame 251: face detector found nothing, reusing last known bounding box.
Frame 256: face detector found nothing, reusing last known bounding box.
Frame 261: face detector found nothing, reusing last known bounding box.
Frame 266: face detector found nothing, reusing last known bounding box.
Frame 271: face detector found nothing, reusing last known bounding box.
Frame 281: face detector found nothing, reusing last known bounding box.
Frame 291: face detector found nothing, reusing last known bounding box.
Frame 296: face detector found nothing, reusing last known bounding box.
Frame 301: face detector found nothing, reusing last known bounding box.
Frame 306: face detector found nothing, reusing last known bounding box.
Frame 311: face detector found nothing, reusing last known bounding box.
Frame 316: face detector found nothing, reusing last known bounding box.
Frame 321: face detector found nothing, reusing last known bounding box.
Frame 326: face detector found nothing, reusing last known bounding box.
Frame 331: face detector found nothing, reusing last known bounding box.
Frame 336: face detector found nothing, reusing last known bounding box.
Frame 341: face detector found nothing, reusing last known bounding box.
Frame 346: face detector found nothing, reusing last known bounding box.
Frame 351: face detector found nothing, reusing last known bounding box.
Frame 356: face detector found nothing, reusing last known bounding box.
Frame 361: face detector found nothing, reusing last known bounding box.
Frame 366: face detector found nothing, reusing last known bounding box.
Frame 371: face detector found nothing, reusing last known bounding box.
Frame 376: face detector found nothing, reusing last known bounding box.
Frame 381: face detector found nothing, reusing last known bounding box.
Frame 386: face detector found nothing, reusing last known bounding box.
Frame 391: face detector found nothing, reusing last known bounding box.
Frame 396: face detector found nothing, reusing last known bounding box.
Frame 401: face detector found nothing, reusing last known bounding box.
Frame 406: face detector found nothing, reusing last known bounding box.
Frame 411: face detector found nothing, reusing last known bounding box.
Frame 416: face detector found nothing, reusing last known bounding box.
Frame 421: face detector found nothing, reusing last known bounding box.
Frame 426: face detector found nothing, reusing last known bounding box.
Frame 431: face detector found nothing, reusing last known bounding box.
Frame 436: face detector found nothing, reusing last known bounding box.
Frame 441: face detector found nothing, reusing last known bounding box.
Frame 446: face detector found nothing, reusing last known bounding box.
Frame 451: face detector found nothing, reusing last known bounding box.
Frame 456: face detector found nothing, reusing last known bounding box.
Frame 466: face detector found nothing, reusing last known bounding box.
Frame 471: face detector found nothing, reusing last known bounding box.
Frame 476: face detector found nothing, reusing last known bounding box.
Frame 481: face detector found nothing, reusing last known bounding box.
Frame 486: face detector found nothing, reusing last known bounding box.
Frame 491: face detector found nothing, reusing last known bounding box.
Frame 496: face detector found nothing, reusing last known bounding box.
Frame 501: face detector found nothing, reusing last known bounding box.
Frame 506: face detector found nothing, reusing last known bounding box.
Frame 511: face detector found nothing, reusing last known bounding box.
Frame 516: face detector found nothing, reusing last known bounding box.
Frame 521: face detector found nothing, reusing last known bounding box.
Frame 526: face detector found nothing, reusing last known bounding box.
Frame 531: face detector found nothing, reusing last known bounding box.
Frame 536: face detector found nothing, reusing last known bounding box.
Frame 541: face detector found nothing, reusing last known bounding box.
Frame 546: face detector found nothing, reusing last known bounding box.
Frame 551: face detector found nothing, reusing last known bounding box.
Frame 556: face detector found nothing, reusing last known bounding box.
Frame 561: face detector found nothing, reusing last known bounding box.
Frame 566: face detector found nothing, reusing last known bounding box.
Frame 571: face detector found nothing, reusing last known bounding box.
Frame 576: face detector found nothing, reusing last known bounding box.
Frame 581: face detector found nothing, reusing last known bounding box.
Frame 586: face detector found nothing, reusing last known bounding box.
Frame 591: face detector found nothing, reusing last known bounding box.
Frame 596: face detector found nothing, reusing last known bounding box.
Frame 601: face detector found nothing, reusing last known bounding box.
Frame 606: face detector found nothing, reusing last known bounding box.
Frame 611: face detector found nothing, reusing last known bounding box.
Frame 616: face detector found nothing, reusing last known bounding box.
Frame 621: face detector found nothing, reusing last known bounding box.
Frame 626: face detector found nothing, reusing last known bounding box.
Frame 631: face detector found nothing, reusing last known bounding box.
Frame 636: face detector found nothing, reusing last known bounding box.
Frame 641: face detector found nothing, reusing last known bounding box.
Frame 646: face detector found nothing, reusing last known bounding box.
Frame 651: face detector found nothing, reusing last known bounding box.
Frame 656: face detector found nothing, reusing last known bounding box.
Frame 661: face detector found nothing, reusing last known bounding box.
Frame 666: face detector found nothing, reusing last known bounding box.
Frame 676: face detector found nothing, reusing last known bounding box.
Frame 681: face detector found nothing, reusing last known bounding box.
Frame 686: face detector found nothing, reusing last known bounding box.
Frame 691: face detector found nothing, reusing last known bounding box.
Frame 696: face detector found nothing, reusing last known bounding box.
Frame 701: face detector found nothing, reusing last known bounding box.
Frame 706: face detector found nothing, reusing last known bounding box.
Frame 711: face detector found nothing, reusing last known bounding box.
Frame 716: face detector found nothing, reusing last known bounding box.
Frame 721: face detector found nothing, reusing last known bounding box.
Frame 726: face detector found nothing, reusing last known bounding box.
Frame 731: face detector found nothing, reusing last known bounding box.
Frame 736: face detector found nothing, reusing last known bounding box.
Frame 741: face detector found nothing, reusing last known bounding box.
Frame 746: face detector found nothing, reusing last known bounding box.
Frame 751: face detector found nothing, reusing last known bounding box.
Frame 756: face detector found nothing, reusing last known bounding box.
Frame 761: face detector found nothing, reusing last known bounding box.
Frame 766: face detector found nothing, reusing last known bounding box.
Frame 771: face detector found nothing, reusing last known bounding box.
VIPL_p7_v3_source1 ok fs=23.815 n=773 gt=95.2 (7 rows)
loadVIPLVideo: WARNING -- container FrameRate (25 fps) disagrees with time.txt-derived FrameRate (19.234 fps) by 23.0638% for I:\EEE 3-1\EEE 312\project\dataset\seg24_scratch\VIPL-HR\p8\v3\source1\video.avi. Using the time.txt-derived value -- see docs/VIPL_DATA_FORMAT.md Section 4.
VIPL_p8_v3_source1 ok fs=19.234 n=566 gt=91.6 (8 rows)
VIPL_p9_v3_source1 ok fs=23.832 n=764 gt=95.3 (9 rows)
loadVIPLVideo: WARNING -- container FrameRate (25 fps) disagrees with time.txt-derived FrameRate (19.2352 fps) by 23.0591% for I:\EEE 3-1\EEE 312\project\dataset\seg24_scratch\VIPL-HR\p10\v3\source1\video.avi. Using the time.txt-derived value -- see docs/VIPL_DATA_FORMAT.md Section 4.
Frame 501: face detector found nothing, reusing last known bounding box.
Frame 506: face detector found nothing, reusing last known bounding box.
VIPL_p10_v3_source1 ok fs=19.235 n=667 gt=82.8 (10 rows)
Frame 1: face detector found nothing, reusing last known bounding box.
Frame 1: no bounding box available yet, using centered fallback box.
Frame 2: no bounding box available yet, using centered fallback box.
Frame 3: no bounding box available yet, using centered fallback box.
Frame 4: no bounding box available yet, using centered fallback box.
Frame 5: no bounding box available yet, using centered fallback box.
Frame 6: face detector found nothing, reusing last known bounding box.
Frame 6: no bounding box available yet, using centered fallback box.
Frame 7: no bounding box available yet, using centered fallback box.
Frame 8: no bounding box available yet, using centered fallback box.
Frame 9: no bounding box available yet, using centered fallback box.
Frame 10: no bounding box available yet, using centered fallback box.
Frame 11: face detector found nothing, reusing last known bounding box.
Frame 11: no bounding box available yet, using centered fallback box.
Frame 12: no bounding box available yet, using centered fallback box.
Frame 13: no bounding box available yet, using centered fallback box.
Frame 14: no bounding box available yet, using centered fallback box.
Frame 15: no bounding box available yet, using centered fallback box.
Frame 16: face detector found nothing, reusing last known bounding box.
Frame 16: no bounding box available yet, using centered fallback box.
Frame 17: no bounding box available yet, using centered fallback box.
Frame 18: no bounding box available yet, using centered fallback box.
Frame 19: no bounding box available yet, using centered fallback box.
Frame 20: no bounding box available yet, using centered fallback box.
Frame 21: face detector found nothing, reusing last known bounding box.
Frame 21: no bounding box available yet, using centered fallback box.
Frame 22: no bounding box available yet, using centered fallback box.
Frame 23: no bounding box available yet, using centered fallback box.
Frame 24: no bounding box available yet, using centered fallback box.
Frame 25: no bounding box available yet, using centered fallback box.
Frame 26: face detector found nothing, reusing last known bounding box.
Frame 26: no bounding box available yet, using centered fallback box.
Frame 27: no bounding box available yet, using centered fallback box.
Frame 28: no bounding box available yet, using centered fallback box.
Frame 29: no bounding box available yet, using centered fallback box.
Frame 30: no bounding box available yet, using centered fallback box.
Frame 31: face detector found nothing, reusing last known bounding box.
Frame 31: no bounding box available yet, using centered fallback box.
Frame 32: no bounding box available yet, using centered fallback box.
Frame 33: no bounding box available yet, using centered fallback box.
Frame 34: no bounding box available yet, using centered fallback box.
Frame 35: no bounding box available yet, using centered fallback box.
Frame 36: face detector found nothing, reusing last known bounding box.
Frame 36: no bounding box available yet, using centered fallback box.
Frame 37: no bounding box available yet, using centered fallback box.
Frame 38: no bounding box available yet, using centered fallback box.
Frame 39: no bounding box available yet, using centered fallback box.
Frame 40: no bounding box available yet, using centered fallback box.
Frame 41: face detector found nothing, reusing last known bounding box.
Frame 41: no bounding box available yet, using centered fallback box.
Frame 42: no bounding box available yet, using centered fallback box.
Frame 43: no bounding box available yet, using centered fallback box.
Frame 44: no bounding box available yet, using centered fallback box.
Frame 45: no bounding box available yet, using centered fallback box.
Frame 46: face detector found nothing, reusing last known bounding box.
Frame 46: no bounding box available yet, using centered fallback box.
Frame 47: no bounding box available yet, using centered fallback box.
Frame 48: no bounding box available yet, using centered fallback box.
Frame 49: no bounding box available yet, using centered fallback box.
Frame 50: no bounding box available yet, using centered fallback box.
Frame 51: face detector found nothing, reusing last known bounding box.
Frame 51: no bounding box available yet, using centered fallback box.
Frame 52: no bounding box available yet, using centered fallback box.
Frame 53: no bounding box available yet, using centered fallback box.
Frame 54: no bounding box available yet, using centered fallback box.
Frame 55: no bounding box available yet, using centered fallback box.
Frame 56: face detector found nothing, reusing last known bounding box.
Frame 56: no bounding box available yet, using centered fallback box.
Frame 57: no bounding box available yet, using centered fallback box.
Frame 58: no bounding box available yet, using centered fallback box.
Frame 59: no bounding box available yet, using centered fallback box.
Frame 60: no bounding box available yet, using centered fallback box.
Frame 61: face detector found nothing, reusing last known bounding box.
Frame 61: no bounding box available yet, using centered fallback box.
Frame 62: no bounding box available yet, using centered fallback box.
Frame 63: no bounding box available yet, using centered fallback box.
Frame 64: no bounding box available yet, using centered fallback box.
Frame 65: no bounding box available yet, using centered fallback box.
Frame 66: face detector found nothing, reusing last known bounding box.
Frame 66: no bounding box available yet, using centered fallback box.
Frame 67: no bounding box available yet, using centered fallback box.
Frame 68: no bounding box available yet, using centered fallback box.
Frame 69: no bounding box available yet, using centered fallback box.
Frame 70: no bounding box available yet, using centered fallback box.
Frame 71: face detector found nothing, reusing last known bounding box.
Frame 71: no bounding box available yet, using centered fallback box.
Frame 72: no bounding box available yet, using centered fallback box.
Frame 73: no bounding box available yet, using centered fallback box.
Frame 74: no bounding box available yet, using centered fallback box.
Frame 75: no bounding box available yet, using centered fallback box.
Frame 76: face detector found nothing, reusing last known bounding box.
Frame 76: no bounding box available yet, using centered fallback box.
Frame 77: no bounding box available yet, using centered fallback box.
Frame 78: no bounding box available yet, using centered fallback box.
Frame 79: no bounding box available yet, using centered fallback box.
Frame 80: no bounding box available yet, using centered fallback box.
Frame 81: face detector found nothing, reusing last known bounding box.
Frame 81: no bounding box available yet, using centered fallback box.
Frame 82: no bounding box available yet, using centered fallback box.
Frame 83: no bounding box available yet, using centered fallback box.
Frame 84: no bounding box available yet, using centered fallback box.
Frame 85: no bounding box available yet, using centered fallback box.
Frame 86: face detector found nothing, reusing last known bounding box.
Frame 86: no bounding box available yet, using centered fallback box.
Frame 87: no bounding box available yet, using centered fallback box.
Frame 88: no bounding box available yet, using centered fallback box.
Frame 89: no bounding box available yet, using centered fallback box.
Frame 90: no bounding box available yet, using centered fallback box.
Frame 91: face detector found nothing, reusing last known bounding box.
Frame 91: no bounding box available yet, using centered fallback box.
Frame 92: no bounding box available yet, using centered fallback box.
Frame 93: no bounding box available yet, using centered fallback box.
Frame 94: no bounding box available yet, using centered fallback box.
Frame 95: no bounding box available yet, using centered fallback box.
Frame 96: face detector found nothing, reusing last known bounding box.
Frame 96: no bounding box available yet, using centered fallback box.
Frame 97: no bounding box available yet, using centered fallback box.
Frame 98: no bounding box available yet, using centered fallback box.
Frame 99: no bounding box available yet, using centered fallback box.
Frame 100: no bounding box available yet, using centered fallback box.
Frame 101: face detector found nothing, reusing last known bounding box.
Frame 101: no bounding box available yet, using centered fallback box.
Frame 102: no bounding box available yet, using centered fallback box.
Frame 103: no bounding box available yet, using centered fallback box.
Frame 104: no bounding box available yet, using centered fallback box.
Frame 105: no bounding box available yet, using centered fallback box.
Frame 106: face detector found nothing, reusing last known bounding box.
Frame 106: no bounding box available yet, using centered fallback box.
Frame 107: no bounding box available yet, using centered fallback box.
Frame 108: no bounding box available yet, using centered fallback box.
Frame 109: no bounding box available yet, using centered fallback box.
Frame 110: no bounding box available yet, using centered fallback box.
Frame 111: face detector found nothing, reusing last known bounding box.
Frame 111: no bounding box available yet, using centered fallback box.
Frame 112: no bounding box available yet, using centered fallback box.
Frame 113: no bounding box available yet, using centered fallback box.
Frame 114: no bounding box available yet, using centered fallback box.
Frame 115: no bounding box available yet, using centered fallback box.
Frame 116: face detector found nothing, reusing last known bounding box.
Frame 116: no bounding box available yet, using centered fallback box.
Frame 117: no bounding box available yet, using centered fallback box.
Frame 118: no bounding box available yet, using centered fallback box.
Frame 119: no bounding box available yet, using centered fallback box.
Frame 120: no bounding box available yet, using centered fallback box.
Frame 121: face detector found nothing, reusing last known bounding box.
Frame 121: no bounding box available yet, using centered fallback box.
Frame 122: no bounding box available yet, using centered fallback box.
Frame 123: no bounding box available yet, using centered fallback box.
Frame 124: no bounding box available yet, using centered fallback box.
Frame 125: no bounding box available yet, using centered fallback box.
Frame 126: face detector found nothing, reusing last known bounding box.
Frame 126: no bounding box available yet, using centered fallback box.
Frame 127: no bounding box available yet, using centered fallback box.
Frame 128: no bounding box available yet, using centered fallback box.
Frame 129: no bounding box available yet, using centered fallback box.
Frame 130: no bounding box available yet, using centered fallback box.
Frame 131: face detector found nothing, reusing last known bounding box.
Frame 131: no bounding box available yet, using centered fallback box.
Frame 132: no bounding box available yet, using centered fallback box.
Frame 133: no bounding box available yet, using centered fallback box.
Frame 134: no bounding box available yet, using centered fallback box.
Frame 135: no bounding box available yet, using centered fallback box.
Frame 136: face detector found nothing, reusing last known bounding box.
Frame 136: no bounding box available yet, using centered fallback box.
Frame 137: no bounding box available yet, using centered fallback box.
Frame 138: no bounding box available yet, using centered fallback box.
Frame 139: no bounding box available yet, using centered fallback box.
Frame 140: no bounding box available yet, using centered fallback box.
Frame 141: face detector found nothing, reusing last known bounding box.
Frame 141: no bounding box available yet, using centered fallback box.
Frame 142: no bounding box available yet, using centered fallback box.
Frame 143: no bounding box available yet, using centered fallback box.
Frame 144: no bounding box available yet, using centered fallback box.
Frame 145: no bounding box available yet, using centered fallback box.
Frame 146: face detector found nothing, reusing last known bounding box.
Frame 146: no bounding box available yet, using centered fallback box.
Frame 147: no bounding box available yet, using centered fallback box.
Frame 148: no bounding box available yet, using centered fallback box.
Frame 149: no bounding box available yet, using centered fallback box.
Frame 150: no bounding box available yet, using centered fallback box.
Frame 151: face detector found nothing, reusing last known bounding box.
Frame 151: no bounding box available yet, using centered fallback box.
Frame 152: no bounding box available yet, using centered fallback box.
Frame 153: no bounding box available yet, using centered fallback box.
Frame 154: no bounding box available yet, using centered fallback box.
Frame 155: no bounding box available yet, using centered fallback box.
Frame 156: face detector found nothing, reusing last known bounding box.
Frame 156: no bounding box available yet, using centered fallback box.
Frame 157: no bounding box available yet, using centered fallback box.
Frame 158: no bounding box available yet, using centered fallback box.
Frame 159: no bounding box available yet, using centered fallback box.
Frame 160: no bounding box available yet, using centered fallback box.
Frame 161: face detector found nothing, reusing last known bounding box.
Frame 161: no bounding box available yet, using centered fallback box.
Frame 162: no bounding box available yet, using centered fallback box.
Frame 163: no bounding box available yet, using centered fallback box.
Frame 164: no bounding box available yet, using centered fallback box.
Frame 165: no bounding box available yet, using centered fallback box.
Frame 166: face detector found nothing, reusing last known bounding box.
Frame 166: no bounding box available yet, using centered fallback box.
Frame 167: no bounding box available yet, using centered fallback box.
Frame 168: no bounding box available yet, using centered fallback box.
Frame 169: no bounding box available yet, using centered fallback box.
Frame 170: no bounding box available yet, using centered fallback box.
Frame 171: face detector found nothing, reusing last known bounding box.
Frame 171: no bounding box available yet, using centered fallback box.
Frame 172: no bounding box available yet, using centered fallback box.
Frame 173: no bounding box available yet, using centered fallback box.
Frame 174: no bounding box available yet, using centered fallback box.
Frame 175: no bounding box available yet, using centered fallback box.
Frame 176: face detector found nothing, reusing last known bounding box.
Frame 176: no bounding box available yet, using centered fallback box.
Frame 177: no bounding box available yet, using centered fallback box.
Frame 178: no bounding box available yet, using centered fallback box.
Frame 179: no bounding box available yet, using centered fallback box.
Frame 180: no bounding box available yet, using centered fallback box.
Frame 181: face detector found nothing, reusing last known bounding box.
Frame 181: no bounding box available yet, using centered fallback box.
Frame 182: no bounding box available yet, using centered fallback box.
Frame 183: no bounding box available yet, using centered fallback box.
Frame 184: no bounding box available yet, using centered fallback box.
Frame 185: no bounding box available yet, using centered fallback box.
Frame 186: face detector found nothing, reusing last known bounding box.
Frame 186: no bounding box available yet, using centered fallback box.
Frame 187: no bounding box available yet, using centered fallback box.
Frame 188: no bounding box available yet, using centered fallback box.
Frame 189: no bounding box available yet, using centered fallback box.
Frame 190: no bounding box available yet, using centered fallback box.
Frame 191: face detector found nothing, reusing last known bounding box.
Frame 191: no bounding box available yet, using centered fallback box.
Frame 192: no bounding box available yet, using centered fallback box.
Frame 193: no bounding box available yet, using centered fallback box.
Frame 194: no bounding box available yet, using centered fallback box.
Frame 195: no bounding box available yet, using centered fallback box.
Frame 196: face detector found nothing, reusing last known bounding box.
Frame 196: no bounding box available yet, using centered fallback box.
Frame 197: no bounding box available yet, using centered fallback box.
Frame 198: no bounding box available yet, using centered fallback box.
Frame 199: no bounding box available yet, using centered fallback box.
Frame 200: no bounding box available yet, using centered fallback box.
Frame 201: face detector found nothing, reusing last known bounding box.
Frame 201: no bounding box available yet, using centered fallback box.
Frame 202: no bounding box available yet, using centered fallback box.
Frame 203: no bounding box available yet, using centered fallback box.
Frame 204: no bounding box available yet, using centered fallback box.
Frame 205: no bounding box available yet, using centered fallback box.
Frame 206: face detector found nothing, reusing last known bounding box.
Frame 206: no bounding box available yet, using centered fallback box.
Frame 207: no bounding box available yet, using centered fallback box.
Frame 208: no bounding box available yet, using centered fallback box.
Frame 209: no bounding box available yet, using centered fallback box.
Frame 210: no bounding box available yet, using centered fallback box.
Frame 211: face detector found nothing, reusing last known bounding box.
Frame 211: no bounding box available yet, using centered fallback box.
Frame 212: no bounding box available yet, using centered fallback box.
Frame 213: no bounding box available yet, using centered fallback box.
Frame 214: no bounding box available yet, using centered fallback box.
Frame 215: no bounding box available yet, using centered fallback box.
Frame 216: face detector found nothing, reusing last known bounding box.
Frame 216: no bounding box available yet, using centered fallback box.
Frame 217: no bounding box available yet, using centered fallback box.
Frame 218: no bounding box available yet, using centered fallback box.
Frame 219: no bounding box available yet, using centered fallback box.
Frame 220: no bounding box available yet, using centered fallback box.
Frame 221: face detector found nothing, reusing last known bounding box.
Frame 221: no bounding box available yet, using centered fallback box.
Frame 222: no bounding box available yet, using centered fallback box.
Frame 223: no bounding box available yet, using centered fallback box.
Frame 224: no bounding box available yet, using centered fallback box.
Frame 225: no bounding box available yet, using centered fallback box.
Frame 226: face detector found nothing, reusing last known bounding box.
Frame 226: no bounding box available yet, using centered fallback box.
Frame 227: no bounding box available yet, using centered fallback box.
Frame 228: no bounding box available yet, using centered fallback box.
Frame 229: no bounding box available yet, using centered fallback box.
Frame 230: no bounding box available yet, using centered fallback box.
Frame 231: face detector found nothing, reusing last known bounding box.
Frame 231: no bounding box available yet, using centered fallback box.
Frame 232: no bounding box available yet, using centered fallback box.
Frame 233: no bounding box available yet, using centered fallback box.
Frame 234: no bounding box available yet, using centered fallback box.
Frame 235: no bounding box available yet, using centered fallback box.
Frame 236: face detector found nothing, reusing last known bounding box.
Frame 236: no bounding box available yet, using centered fallback box.
Frame 237: no bounding box available yet, using centered fallback box.
Frame 238: no bounding box available yet, using centered fallback box.
Frame 239: no bounding box available yet, using centered fallback box.
Frame 240: no bounding box available yet, using centered fallback box.
Frame 241: face detector found nothing, reusing last known bounding box.
Frame 241: no bounding box available yet, using centered fallback box.
Frame 242: no bounding box available yet, using centered fallback box.
Frame 243: no bounding box available yet, using centered fallback box.
Frame 244: no bounding box available yet, using centered fallback box.
Frame 245: no bounding box available yet, using centered fallback box.
Frame 246: face detector found nothing, reusing last known bounding box.
Frame 246: no bounding box available yet, using centered fallback box.
Frame 247: no bounding box available yet, using centered fallback box.
Frame 248: no bounding box available yet, using centered fallback box.
Frame 249: no bounding box available yet, using centered fallback box.
Frame 250: no bounding box available yet, using centered fallback box.
Frame 251: face detector found nothing, reusing last known bounding box.
Frame 251: no bounding box available yet, using centered fallback box.
Frame 252: no bounding box available yet, using centered fallback box.
Frame 253: no bounding box available yet, using centered fallback box.
Frame 254: no bounding box available yet, using centered fallback box.
Frame 255: no bounding box available yet, using centered fallback box.
Frame 256: face detector found nothing, reusing last known bounding box.
Frame 256: no bounding box available yet, using centered fallback box.
Frame 257: no bounding box available yet, using centered fallback box.
Frame 258: no bounding box available yet, using centered fallback box.
Frame 259: no bounding box available yet, using centered fallback box.
Frame 260: no bounding box available yet, using centered fallback box.
Frame 261: face detector found nothing, reusing last known bounding box.
Frame 261: no bounding box available yet, using centered fallback box.
Frame 262: no bounding box available yet, using centered fallback box.
Frame 263: no bounding box available yet, using centered fallback box.
Frame 264: no bounding box available yet, using centered fallback box.
Frame 265: no bounding box available yet, using centered fallback box.
Frame 266: face detector found nothing, reusing last known bounding box.
Frame 266: no bounding box available yet, using centered fallback box.
Frame 267: no bounding box available yet, using centered fallback box.
Frame 268: no bounding box available yet, using centered fallback box.
Frame 269: no bounding box available yet, using centered fallback box.
Frame 270: no bounding box available yet, using centered fallback box.
Frame 271: face detector found nothing, reusing last known bounding box.
Frame 271: no bounding box available yet, using centered fallback box.
Frame 272: no bounding box available yet, using centered fallback box.
Frame 273: no bounding box available yet, using centered fallback box.
Frame 274: no bounding box available yet, using centered fallback box.
Frame 275: no bounding box available yet, using centered fallback box.
Frame 276: face detector found nothing, reusing last known bounding box.
Frame 276: no bounding box available yet, using centered fallback box.
Frame 277: no bounding box available yet, using centered fallback box.
Frame 278: no bounding box available yet, using centered fallback box.
Frame 279: no bounding box available yet, using centered fallback box.
Frame 280: no bounding box available yet, using centered fallback box.
Frame 281: face detector found nothing, reusing last known bounding box.
Frame 281: no bounding box available yet, using centered fallback box.
Frame 282: no bounding box available yet, using centered fallback box.
Frame 283: no bounding box available yet, using centered fallback box.
Frame 284: no bounding box available yet, using centered fallback box.
Frame 285: no bounding box available yet, using centered fallback box.
Frame 286: face detector found nothing, reusing last known bounding box.
Frame 286: no bounding box available yet, using centered fallback box.
Frame 287: no bounding box available yet, using centered fallback box.
Frame 288: no bounding box available yet, using centered fallback box.
Frame 289: no bounding box available yet, using centered fallback box.
Frame 290: no bounding box available yet, using centered fallback box.
Frame 291: face detector found nothing, reusing last known bounding box.
Frame 291: no bounding box available yet, using centered fallback box.
Frame 292: no bounding box available yet, using centered fallback box.
Frame 293: no bounding box available yet, using centered fallback box.
Frame 294: no bounding box available yet, using centered fallback box.
Frame 295: no bounding box available yet, using centered fallback box.
Frame 296: face detector found nothing, reusing last known bounding box.
Frame 296: no bounding box available yet, using centered fallback box.
Frame 297: no bounding box available yet, using centered fallback box.
Frame 298: no bounding box available yet, using centered fallback box.
Frame 299: no bounding box available yet, using centered fallback box.
Frame 300: no bounding box available yet, using centered fallback box.
Frame 301: face detector found nothing, reusing last known bounding box.
Frame 301: no bounding box available yet, using centered fallback box.
Frame 302: no bounding box available yet, using centered fallback box.
Frame 303: no bounding box available yet, using centered fallback box.
Frame 304: no bounding box available yet, using centered fallback box.
Frame 305: no bounding box available yet, using centered fallback box.
Frame 306: face detector found nothing, reusing last known bounding box.
Frame 306: no bounding box available yet, using centered fallback box.
Frame 307: no bounding box available yet, using centered fallback box.
Frame 308: no bounding box available yet, using centered fallback box.
Frame 309: no bounding box available yet, using centered fallback box.
Frame 310: no bounding box available yet, using centered fallback box.
Frame 311: face detector found nothing, reusing last known bounding box.
Frame 311: no bounding box available yet, using centered fallback box.
Frame 312: no bounding box available yet, using centered fallback box.
Frame 313: no bounding box available yet, using centered fallback box.
Frame 314: no bounding box available yet, using centered fallback box.
Frame 315: no bounding box available yet, using centered fallback box.
Frame 316: face detector found nothing, reusing last known bounding box.
Frame 316: no bounding box available yet, using centered fallback box.
Frame 317: no bounding box available yet, using centered fallback box.
Frame 318: no bounding box available yet, using centered fallback box.
Frame 319: no bounding box available yet, using centered fallback box.
Frame 320: no bounding box available yet, using centered fallback box.
Frame 321: face detector found nothing, reusing last known bounding box.
Frame 321: no bounding box available yet, using centered fallback box.
Frame 322: no bounding box available yet, using centered fallback box.
Frame 323: no bounding box available yet, using centered fallback box.
Frame 324: no bounding box available yet, using centered fallback box.
Frame 325: no bounding box available yet, using centered fallback box.
Frame 326: face detector found nothing, reusing last known bounding box.
Frame 326: no bounding box available yet, using centered fallback box.
Frame 327: no bounding box available yet, using centered fallback box.
Frame 328: no bounding box available yet, using centered fallback box.
Frame 329: no bounding box available yet, using centered fallback box.
Frame 330: no bounding box available yet, using centered fallback box.
Frame 331: face detector found nothing, reusing last known bounding box.
Frame 331: no bounding box available yet, using centered fallback box.
Frame 332: no bounding box available yet, using centered fallback box.
Frame 333: no bounding box available yet, using centered fallback box.
Frame 334: no bounding box available yet, using centered fallback box.
Frame 335: no bounding box available yet, using centered fallback box.
Frame 336: face detector found nothing, reusing last known bounding box.
Frame 336: no bounding box available yet, using centered fallback box.
Frame 337: no bounding box available yet, using centered fallback box.
Frame 338: no bounding box available yet, using centered fallback box.
Frame 339: no bounding box available yet, using centered fallback box.
Frame 340: no bounding box available yet, using centered fallback box.
Frame 341: face detector found nothing, reusing last known bounding box.
Frame 341: no bounding box available yet, using centered fallback box.
Frame 342: no bounding box available yet, using centered fallback box.
Frame 343: no bounding box available yet, using centered fallback box.
Frame 344: no bounding box available yet, using centered fallback box.
Frame 345: no bounding box available yet, using centered fallback box.
Frame 346: face detector found nothing, reusing last known bounding box.
Frame 346: no bounding box available yet, using centered fallback box.
Frame 347: no bounding box available yet, using centered fallback box.
Frame 348: no bounding box available yet, using centered fallback box.
Frame 349: no bounding box available yet, using centered fallback box.
Frame 350: no bounding box available yet, using centered fallback box.
Frame 351: face detector found nothing, reusing last known bounding box.
Frame 351: no bounding box available yet, using centered fallback box.
Frame 352: no bounding box available yet, using centered fallback box.
Frame 353: no bounding box available yet, using centered fallback box.
Frame 354: no bounding box available yet, using centered fallback box.
Frame 355: no bounding box available yet, using centered fallback box.
Frame 356: face detector found nothing, reusing last known bounding box.
Frame 356: no bounding box available yet, using centered fallback box.
Frame 357: no bounding box available yet, using centered fallback box.
Frame 358: no bounding box available yet, using centered fallback box.
Frame 359: no bounding box available yet, using centered fallback box.
Frame 360: no bounding box available yet, using centered fallback box.
Frame 361: face detector found nothing, reusing last known bounding box.
Frame 361: no bounding box available yet, using centered fallback box.
Frame 362: no bounding box available yet, using centered fallback box.
Frame 363: no bounding box available yet, using centered fallback box.
Frame 364: no bounding box available yet, using centered fallback box.
Frame 365: no bounding box available yet, using centered fallback box.
Frame 366: face detector found nothing, reusing last known bounding box.
Frame 366: no bounding box available yet, using centered fallback box.
Frame 367: no bounding box available yet, using centered fallback box.
Frame 368: no bounding box available yet, using centered fallback box.
Frame 369: no bounding box available yet, using centered fallback box.
Frame 370: no bounding box available yet, using centered fallback box.
Frame 371: face detector found nothing, reusing last known bounding box.
Frame 371: no bounding box available yet, using centered fallback box.
Frame 372: no bounding box available yet, using centered fallback box.
Frame 373: no bounding box available yet, using centered fallback box.
Frame 374: no bounding box available yet, using centered fallback box.
Frame 375: no bounding box available yet, using centered fallback box.
Frame 376: face detector found nothing, reusing last known bounding box.
Frame 376: no bounding box available yet, using centered fallback box.
Frame 377: no bounding box available yet, using centered fallback box.
Frame 378: no bounding box available yet, using centered fallback box.
Frame 379: no bounding box available yet, using centered fallback box.
Frame 380: no bounding box available yet, using centered fallback box.
Frame 381: face detector found nothing, reusing last known bounding box.
Frame 381: no bounding box available yet, using centered fallback box.
Frame 382: no bounding box available yet, using centered fallback box.
Frame 383: no bounding box available yet, using centered fallback box.
Frame 384: no bounding box available yet, using centered fallback box.
Frame 385: no bounding box available yet, using centered fallback box.
Frame 386: face detector found nothing, reusing last known bounding box.
Frame 386: no bounding box available yet, using centered fallback box.
Frame 387: no bounding box available yet, using centered fallback box.
Frame 388: no bounding box available yet, using centered fallback box.
Frame 389: no bounding box available yet, using centered fallback box.
Frame 390: no bounding box available yet, using centered fallback box.
Frame 391: face detector found nothing, reusing last known bounding box.
Frame 391: no bounding box available yet, using centered fallback box.
Frame 392: no bounding box available yet, using centered fallback box.
Frame 393: no bounding box available yet, using centered fallback box.
Frame 394: no bounding box available yet, using centered fallback box.
Frame 395: no bounding box available yet, using centered fallback box.
Frame 396: face detector found nothing, reusing last known bounding box.
Frame 396: no bounding box available yet, using centered fallback box.
Frame 397: no bounding box available yet, using centered fallback box.
Frame 398: no bounding box available yet, using centered fallback box.
Frame 399: no bounding box available yet, using centered fallback box.
Frame 400: no bounding box available yet, using centered fallback box.
Frame 401: face detector found nothing, reusing last known bounding box.
Frame 401: no bounding box available yet, using centered fallback box.
Frame 402: no bounding box available yet, using centered fallback box.
Frame 403: no bounding box available yet, using centered fallback box.
Frame 404: no bounding box available yet, using centered fallback box.
Frame 405: no bounding box available yet, using centered fallback box.
Frame 406: face detector found nothing, reusing last known bounding box.
Frame 406: no bounding box available yet, using centered fallback box.
Frame 407: no bounding box available yet, using centered fallback box.
Frame 408: no bounding box available yet, using centered fallback box.
Frame 409: no bounding box available yet, using centered fallback box.
Frame 410: no bounding box available yet, using centered fallback box.
Frame 411: face detector found nothing, reusing last known bounding box.
Frame 411: no bounding box available yet, using centered fallback box.
Frame 412: no bounding box available yet, using centered fallback box.
Frame 413: no bounding box available yet, using centered fallback box.
Frame 414: no bounding box available yet, using centered fallback box.
Frame 415: no bounding box available yet, using centered fallback box.
Frame 416: face detector found nothing, reusing last known bounding box.
Frame 416: no bounding box available yet, using centered fallback box.
Frame 417: no bounding box available yet, using centered fallback box.
Frame 418: no bounding box available yet, using centered fallback box.
Frame 419: no bounding box available yet, using centered fallback box.
Frame 420: no bounding box available yet, using centered fallback box.
Frame 421: face detector found nothing, reusing last known bounding box.
Frame 421: no bounding box available yet, using centered fallback box.
Frame 422: no bounding box available yet, using centered fallback box.
Frame 423: no bounding box available yet, using centered fallback box.
Frame 424: no bounding box available yet, using centered fallback box.
Frame 425: no bounding box available yet, using centered fallback box.
Frame 426: face detector found nothing, reusing last known bounding box.
Frame 426: no bounding box available yet, using centered fallback box.
Frame 427: no bounding box available yet, using centered fallback box.
Frame 428: no bounding box available yet, using centered fallback box.
Frame 429: no bounding box available yet, using centered fallback box.
Frame 430: no bounding box available yet, using centered fallback box.
Frame 431: face detector found nothing, reusing last known bounding box.
Frame 431: no bounding box available yet, using centered fallback box.
Frame 432: no bounding box available yet, using centered fallback box.
Frame 433: no bounding box available yet, using centered fallback box.
Frame 434: no bounding box available yet, using centered fallback box.
Frame 435: no bounding box available yet, using centered fallback box.
Frame 436: face detector found nothing, reusing last known bounding box.
Frame 436: no bounding box available yet, using centered fallback box.
Frame 437: no bounding box available yet, using centered fallback box.
Frame 438: no bounding box available yet, using centered fallback box.
Frame 439: no bounding box available yet, using centered fallback box.
Frame 440: no bounding box available yet, using centered fallback box.
Frame 441: face detector found nothing, reusing last known bounding box.
Frame 441: no bounding box available yet, using centered fallback box.
Frame 442: no bounding box available yet, using centered fallback box.
Frame 443: no bounding box available yet, using centered fallback box.
Frame 444: no bounding box available yet, using centered fallback box.
Frame 445: no bounding box available yet, using centered fallback box.
Frame 446: face detector found nothing, reusing last known bounding box.
Frame 446: no bounding box available yet, using centered fallback box.
Frame 447: no bounding box available yet, using centered fallback box.
Frame 448: no bounding box available yet, using centered fallback box.
Frame 449: no bounding box available yet, using centered fallback box.
Frame 450: no bounding box available yet, using centered fallback box.
Frame 451: face detector found nothing, reusing last known bounding box.
Frame 451: no bounding box available yet, using centered fallback box.
Frame 452: no bounding box available yet, using centered fallback box.
Frame 453: no bounding box available yet, using centered fallback box.
Frame 454: no bounding box available yet, using centered fallback box.
Frame 455: no bounding box available yet, using centered fallback box.
Frame 456: face detector found nothing, reusing last known bounding box.
Frame 456: no bounding box available yet, using centered fallback box.
Frame 457: no bounding box available yet, using centered fallback box.
Frame 458: no bounding box available yet, using centered fallback box.
Frame 459: no bounding box available yet, using centered fallback box.
Frame 460: no bounding box available yet, using centered fallback box.
Frame 461: face detector found nothing, reusing last known bounding box.
Frame 461: no bounding box available yet, using centered fallback box.
Frame 462: no bounding box available yet, using centered fallback box.
Frame 463: no bounding box available yet, using centered fallback box.
Frame 464: no bounding box available yet, using centered fallback box.
Frame 465: no bounding box available yet, using centered fallback box.
Frame 466: face detector found nothing, reusing last known bounding box.
Frame 466: no bounding box available yet, using centered fallback box.
Frame 467: no bounding box available yet, using centered fallback box.
Frame 468: no bounding box available yet, using centered fallback box.
Frame 469: no bounding box available yet, using centered fallback box.
Frame 470: no bounding box available yet, using centered fallback box.
Frame 471: face detector found nothing, reusing last known bounding box.
Frame 471: no bounding box available yet, using centered fallback box.
Frame 472: no bounding box available yet, using centered fallback box.
Frame 473: no bounding box available yet, using centered fallback box.
Frame 474: no bounding box available yet, using centered fallback box.
Frame 475: no bounding box available yet, using centered fallback box.
Frame 476: face detector found nothing, reusing last known bounding box.
Frame 476: no bounding box available yet, using centered fallback box.
Frame 477: no bounding box available yet, using centered fallback box.
Frame 478: no bounding box available yet, using centered fallback box.
Frame 479: no bounding box available yet, using centered fallback box.
Frame 480: no bounding box available yet, using centered fallback box.
Frame 481: face detector found nothing, reusing last known bounding box.
Frame 481: no bounding box available yet, using centered fallback box.
Frame 482: no bounding box available yet, using centered fallback box.
Frame 483: no bounding box available yet, using centered fallback box.
Frame 484: no bounding box available yet, using centered fallback box.
Frame 485: no bounding box available yet, using centered fallback box.
Frame 486: face detector found nothing, reusing last known bounding box.
Frame 486: no bounding box available yet, using centered fallback box.
Frame 487: no bounding box available yet, using centered fallback box.
Frame 488: no bounding box available yet, using centered fallback box.
Frame 489: no bounding box available yet, using centered fallback box.
Frame 490: no bounding box available yet, using centered fallback box.
Frame 491: face detector found nothing, reusing last known bounding box.
Frame 491: no bounding box available yet, using centered fallback box.
Frame 492: no bounding box available yet, using centered fallback box.
Frame 493: no bounding box available yet, using centered fallback box.
Frame 494: no bounding box available yet, using centered fallback box.
Frame 495: no bounding box available yet, using centered fallback box.
Frame 496: face detector found nothing, reusing last known bounding box.
Frame 496: no bounding box available yet, using centered fallback box.
Frame 497: no bounding box available yet, using centered fallback box.
Frame 498: no bounding box available yet, using centered fallback box.
Frame 499: no bounding box available yet, using centered fallback box.
Frame 500: no bounding box available yet, using centered fallback box.
Frame 501: face detector found nothing, reusing last known bounding box.
Frame 501: no bounding box available yet, using centered fallback box.
Frame 502: no bounding box available yet, using centered fallback box.
Frame 503: no bounding box available yet, using centered fallback box.
Frame 504: no bounding box available yet, using centered fallback box.
Frame 505: no bounding box available yet, using centered fallback box.
Frame 506: face detector found nothing, reusing last known bounding box.
Frame 506: no bounding box available yet, using centered fallback box.
Frame 507: no bounding box available yet, using centered fallback box.
Frame 508: no bounding box available yet, using centered fallback box.
Frame 509: no bounding box available yet, using centered fallback box.
Frame 510: no bounding box available yet, using centered fallback box.
Frame 511: face detector found nothing, reusing last known bounding box.
Frame 511: no bounding box available yet, using centered fallback box.
Frame 512: no bounding box available yet, using centered fallback box.
Frame 513: no bounding box available yet, using centered fallback box.
Frame 514: no bounding box available yet, using centered fallback box.
Frame 515: no bounding box available yet, using centered fallback box.
Frame 516: face detector found nothing, reusing last known bounding box.
Frame 516: no bounding box available yet, using centered fallback box.
Frame 517: no bounding box available yet, using centered fallback box.
Frame 518: no bounding box available yet, using centered fallback box.
Frame 519: no bounding box available yet, using centered fallback box.
Frame 520: no bounding box available yet, using centered fallback box.
Frame 521: face detector found nothing, reusing last known bounding box.
Frame 521: no bounding box available yet, using centered fallback box.
Frame 522: no bounding box available yet, using centered fallback box.
Frame 523: no bounding box available yet, using centered fallback box.
Frame 524: no bounding box available yet, using centered fallback box.
Frame 525: no bounding box available yet, using centered fallback box.
Frame 526: face detector found nothing, reusing last known bounding box.
Frame 526: no bounding box available yet, using centered fallback box.
Frame 527: no bounding box available yet, using centered fallback box.
Frame 528: no bounding box available yet, using centered fallback box.
Frame 529: no bounding box available yet, using centered fallback box.
Frame 530: no bounding box available yet, using centered fallback box.
Frame 531: face detector found nothing, reusing last known bounding box.
Frame 531: no bounding box available yet, using centered fallback box.
Frame 532: no bounding box available yet, using centered fallback box.
Frame 533: no bounding box available yet, using centered fallback box.
Frame 534: no bounding box available yet, using centered fallback box.
Frame 535: no bounding box available yet, using centered fallback box.
Frame 536: face detector found nothing, reusing last known bounding box.
Frame 536: no bounding box available yet, using centered fallback box.
Frame 537: no bounding box available yet, using centered fallback box.
Frame 538: no bounding box available yet, using centered fallback box.
Frame 539: no bounding box available yet, using centered fallback box.
Frame 540: no bounding box available yet, using centered fallback box.
Frame 541: face detector found nothing, reusing last known bounding box.
Frame 541: no bounding box available yet, using centered fallback box.
Frame 542: no bounding box available yet, using centered fallback box.
Frame 543: no bounding box available yet, using centered fallback box.
Frame 544: no bounding box available yet, using centered fallback box.
Frame 545: no bounding box available yet, using centered fallback box.
Frame 546: face detector found nothing, reusing last known bounding box.
Frame 546: no bounding box available yet, using centered fallback box.
Frame 547: no bounding box available yet, using centered fallback box.
Frame 548: no bounding box available yet, using centered fallback box.
Frame 549: no bounding box available yet, using centered fallback box.
Frame 550: no bounding box available yet, using centered fallback box.
Frame 551: face detector found nothing, reusing last known bounding box.
Frame 551: no bounding box available yet, using centered fallback box.
Frame 552: no bounding box available yet, using centered fallback box.
Frame 553: no bounding box available yet, using centered fallback box.
Frame 554: no bounding box available yet, using centered fallback box.
Frame 555: no bounding box available yet, using centered fallback box.
Frame 556: face detector found nothing, reusing last known bounding box.
Frame 556: no bounding box available yet, using centered fallback box.
Frame 557: no bounding box available yet, using centered fallback box.
Frame 558: no bounding box available yet, using centered fallback box.
Frame 559: no bounding box available yet, using centered fallback box.
Frame 560: no bounding box available yet, using centered fallback box.
Frame 561: face detector found nothing, reusing last known bounding box.
Frame 561: no bounding box available yet, using centered fallback box.
Frame 562: no bounding box available yet, using centered fallback box.
Frame 563: no bounding box available yet, using centered fallback box.
Frame 564: no bounding box available yet, using centered fallback box.
Frame 565: no bounding box available yet, using centered fallback box.
Frame 566: face detector found nothing, reusing last known bounding box.
Frame 566: no bounding box available yet, using centered fallback box.
Frame 567: no bounding box available yet, using centered fallback box.
Frame 568: no bounding box available yet, using centered fallback box.
Frame 569: no bounding box available yet, using centered fallback box.
Frame 570: no bounding box available yet, using centered fallback box.
Frame 571: face detector found nothing, reusing last known bounding box.
Frame 571: no bounding box available yet, using centered fallback box.
Frame 572: no bounding box available yet, using centered fallback box.
Frame 573: no bounding box available yet, using centered fallback box.
Frame 574: no bounding box available yet, using centered fallback box.
Frame 575: no bounding box available yet, using centered fallback box.
Frame 576: face detector found nothing, reusing last known bounding box.
Frame 576: no bounding box available yet, using centered fallback box.
Frame 577: no bounding box available yet, using centered fallback box.
Frame 578: no bounding box available yet, using centered fallback box.
Frame 579: no bounding box available yet, using centered fallback box.
Frame 580: no bounding box available yet, using centered fallback box.
Frame 581: face detector found nothing, reusing last known bounding box.
Frame 581: no bounding box available yet, using centered fallback box.
Frame 582: no bounding box available yet, using centered fallback box.
Frame 583: no bounding box available yet, using centered fallback box.
Frame 584: no bounding box available yet, using centered fallback box.
Frame 585: no bounding box available yet, using centered fallback box.
Frame 586: face detector found nothing, reusing last known bounding box.
Frame 586: no bounding box available yet, using centered fallback box.
Frame 587: no bounding box available yet, using centered fallback box.
Frame 588: no bounding box available yet, using centered fallback box.
Frame 589: no bounding box available yet, using centered fallback box.
Frame 590: no bounding box available yet, using centered fallback box.
Frame 591: face detector found nothing, reusing last known bounding box.
Frame 591: no bounding box available yet, using centered fallback box.
Frame 592: no bounding box available yet, using centered fallback box.
Frame 593: no bounding box available yet, using centered fallback box.
VIPL_p11_v3_source1 ok fs=24.933 n=593 gt=73.0 (11 rows)
loadVIPLVideo: WARNING -- container FrameRate (25 fps) disagrees with time.txt-derived FrameRate (29.7212 fps) by 18.8848% for I:\EEE 3-1\EEE 312\project\dataset\seg24_scratch\VIPL-HR\p12\v3\source1\video.avi. Using the time.txt-derived value -- see docs/VIPL_DATA_FORMAT.md Section 4.
VIPL_p12_v3_source1 ok fs=29.721 n=905 gt=60.9 (12 rows)
VIPL_p13_v3_source1 ok fs=24.921 n=708 gt=74.9 (13 rows)
VIPL_p14_v3_source1 ok fs=24.940 n=746 gt=94.9 (14 rows)
loadVIPLVideo: WARNING -- container FrameRate (25 fps) disagrees with time.txt-derived FrameRate (29.7552 fps) by 19.0208% for I:\EEE 3-1\EEE 312\project\dataset\seg24_scratch\VIPL-HR\p15\v3\source1\video.avi. Using the time.txt-derived value -- see docs/VIPL_DATA_FORMAT.md Section 4.
VIPL_p15_v3_source1 ok fs=29.755 n=1056 gt=59.2 (15 rows)
loadVIPLVideo: WARNING -- container FrameRate (25 fps) disagrees with time.txt-derived FrameRate (29.7897 fps) by 19.1589% for I:\EEE 3-1\EEE 312\project\dataset\seg24_scratch\VIPL-HR\p16\v3\source1\video.avi. Using the time.txt-derived value -- see docs/VIPL_DATA_FORMAT.md Section 4.
VIPL_p16_v3_source1 ok fs=29.790 n=919 gt=86.4 (16 rows)
loadVIPLVideo: WARNING -- container FrameRate (25 fps) disagrees with time.txt-derived FrameRate (29.7848 fps) by 19.1392% for I:\EEE 3-1\EEE 312\project\dataset\seg24_scratch\VIPL-HR\p17\v3\source1\video.avi. Using the time.txt-derived value -- see docs/VIPL_DATA_FORMAT.md Section 4.
VIPL_p17_v3_source1 ok fs=29.785 n=1201 gt=85.8 (17 rows)
loadVIPLVideo: WARNING -- container FrameRate (25 fps) disagrees with time.txt-derived FrameRate (29.7743 fps) by 19.097% for I:\EEE 3-1\EEE 312\project\dataset\seg24_scratch\VIPL-HR\p18\v3\source1\video.avi. Using the time.txt-derived value -- see docs/VIPL_DATA_FORMAT.md Section 4.
VIPL_p18_v3_source1 ok fs=29.774 n=919 gt=81.2 (18 rows)
VIPL_p19_v3_source1 ok fs=24.926 n=884 gt=94.1 (19 rows)
loadVIPLVideo: WARNING -- container FrameRate (25 fps) disagrees with time.txt-derived FrameRate (16.135 fps) by 35.4601% for I:\EEE 3-1\EEE 312\project\dataset\seg24_scratch\VIPL-HR\p20\v3\source1\video.avi. Using the time.txt-derived value -- see docs/VIPL_DATA_FORMAT.md Section 4.
VIPL_p20_v3_source1 ok fs=16.135 n=657 gt=65.0 (20 rows)
loadVIPLVideo: WARNING -- container FrameRate (25 fps) disagrees with time.txt-derived FrameRate (16.1364 fps) by 35.4545% for I:\EEE 3-1\EEE 312\project\dataset\seg24_scratch\VIPL-HR\p21\v3\source1\video.avi. Using the time.txt-derived value -- see docs/VIPL_DATA_FORMAT.md Section 4.
VIPL_p21_v3_source1 ok fs=16.136 n=498 gt=82.3 (21 rows)
loadVIPLVideo: WARNING -- container FrameRate (25 fps) disagrees with time.txt-derived FrameRate (16.1419 fps) by 35.4322% for I:\EEE 3-1\EEE 312\project\dataset\seg24_scratch\VIPL-HR\p22\v3\source1\video.avi. Using the time.txt-derived value -- see docs/VIPL_DATA_FORMAT.md Section 4.
VIPL_p22_v3_source1 ok fs=16.142 n=243 gt=56.0 (22 rows)
loadVIPLVideo: WARNING -- container FrameRate (25 fps) disagrees with time.txt-derived FrameRate (16.1355 fps) by 35.4579% for I:\EEE 3-1\EEE 312\project\dataset\seg24_scratch\VIPL-HR\p23\v3\source1\video.avi. Using the time.txt-derived value -- see docs/VIPL_DATA_FORMAT.md Section 4.
VIPL_p23_v3_source1 ok fs=16.136 n=482 gt=68.3 (23 rows)
loadVIPLVideo: WARNING -- container FrameRate (25 fps) disagrees with time.txt-derived FrameRate (16.1362 fps) by 35.4553% for I:\EEE 3-1\EEE 312\project\dataset\seg24_scratch\VIPL-HR\p24\v3\source1\video.avi. Using the time.txt-derived value -- see docs/VIPL_DATA_FORMAT.md Section 4.
Frame 31: face detector found nothing, reusing last known bounding box.
Frame 36: face detector found nothing, reusing last known bounding box.
Frame 41: face detector found nothing, reusing last known bounding box.
Frame 46: face detector found nothing, reusing last known bounding box.
Frame 51: face detector found nothing, reusing last known bounding box.
Frame 96: face detector found nothing, reusing last known bounding box.
Frame 101: face detector found nothing, reusing last known bounding box.
Frame 126: face detector found nothing, reusing last known bounding box.
Frame 131: face detector found nothing, reusing last known bounding box.
Frame 146: face detector found nothing, reusing last known bounding box.
Frame 151: face detector found nothing, reusing last known bounding box.
Frame 156: face detector found nothing, reusing last known bounding box.
Frame 161: face detector found nothing, reusing last known bounding box.
Frame 216: face detector found nothing, reusing last known bounding box.
Frame 226: face detector found nothing, reusing last known bounding box.
Frame 231: face detector found nothing, reusing last known bounding box.
Frame 246: face detector found nothing, reusing last known bounding box.
Frame 271: face detector found nothing, reusing last known bounding box.
Frame 276: face detector found nothing, reusing last known bounding box.
Frame 281: face detector found nothing, reusing last known bounding box.
Frame 286: face detector found nothing, reusing last known bounding box.
Frame 481: face detector found nothing, reusing last known bounding box.
Frame 486: face detector found nothing, reusing last known bounding box.
Frame 491: face detector found nothing, reusing last known bounding box.
Frame 496: face detector found nothing, reusing last known bounding box.
Frame 501: face detector found nothing, reusing last known bounding box.
Frame 506: face detector found nothing, reusing last known bounding box.
Frame 511: face detector found nothing, reusing last known bounding box.
Frame 516: face detector found nothing, reusing last known bounding box.
Frame 526: face detector found nothing, reusing last known bounding box.
Frame 531: face detector found nothing, reusing last known bounding box.
Frame 551: face detector found nothing, reusing last known bounding box.
Frame 556: face detector found nothing, reusing last known bounding box.
Frame 561: face detector found nothing, reusing last known bounding box.
Frame 566: face detector found nothing, reusing last known bounding box.
Frame 571: face detector found nothing, reusing last known bounding box.
VIPL_p24_v3_source1 ok fs=16.136 n=584 gt=99.2 (24 rows)
loadVIPLVideo: WARNING -- container FrameRate (25 fps) disagrees with time.txt-derived FrameRate (16.1394 fps) by 35.4424% for I:\EEE 3-1\EEE 312\project\dataset\seg24_scratch\VIPL-HR\p25\v3\source1\video.avi. Using the time.txt-derived value -- see docs/VIPL_DATA_FORMAT.md Section 4.
VIPL_p25_v3_source1 ok fs=16.139 n=503 gt=76.8 (25 rows)
loadVIPLVideo: WARNING -- container FrameRate (25 fps) disagrees with time.txt-derived FrameRate (16.1406 fps) by 35.4374% for I:\EEE 3-1\EEE 312\project\dataset\seg24_scratch\VIPL-HR\p26\v3\source1\video.avi. Using the time.txt-derived value -- see docs/VIPL_DATA_FORMAT.md Section 4.
Frame 1: face detector found nothing, reusing last known bounding box.
Frame 1: no bounding box available yet, using centered fallback box.
Frame 2: no bounding box available yet, using centered fallback box.
Frame 3: no bounding box available yet, using centered fallback box.
Frame 4: no bounding box available yet, using centered fallback box.
Frame 5: no bounding box available yet, using centered fallback box.
Frame 6: face detector found nothing, reusing last known bounding box.
Frame 6: no bounding box available yet, using centered fallback box.
Frame 7: no bounding box available yet, using centered fallback box.
Frame 8: no bounding box available yet, using centered fallback box.
Frame 9: no bounding box available yet, using centered fallback box.
Frame 10: no bounding box available yet, using centered fallback box.
Frame 11: face detector found nothing, reusing last known bounding box.
Frame 11: no bounding box available yet, using centered fallback box.
Frame 12: no bounding box available yet, using centered fallback box.
Frame 13: no bounding box available yet, using centered fallback box.
Frame 14: no bounding box available yet, using centered fallback box.
Frame 15: no bounding box available yet, using centered fallback box.
Frame 21: face detector found nothing, reusing last known bounding box.
Frame 26: face detector found nothing, reusing last known bounding box.
Frame 31: face detector found nothing, reusing last known bounding box.
Frame 36: face detector found nothing, reusing last known bounding box.
Frame 46: face detector found nothing, reusing last known bounding box.
Frame 51: face detector found nothing, reusing last known bounding box.
Frame 56: face detector found nothing, reusing last known bounding box.
Frame 61: face detector found nothing, reusing last known bounding box.
Frame 66: face detector found nothing, reusing last known bounding box.
Frame 71: face detector found nothing, reusing last known bounding box.
Frame 76: face detector found nothing, reusing last known bounding box.
Frame 81: face detector found nothing, reusing last known bounding box.
Frame 86: face detector found nothing, reusing last known bounding box.
Frame 91: face detector found nothing, reusing last known bounding box.
Frame 96: face detector found nothing, reusing last known bounding box.
Frame 101: face detector found nothing, reusing last known bounding box.
Frame 106: face detector found nothing, reusing last known bounding box.
Frame 116: face detector found nothing, reusing last known bounding box.
VIPL_p26_v3_source1 ok fs=16.141 n=494 gt=93.8 (26 rows)
loadVIPLVideo: WARNING -- container FrameRate (25 fps) disagrees with time.txt-derived FrameRate (16.0646 fps) by 35.7418% for I:\EEE 3-1\EEE 312\project\dataset\seg24_scratch\VIPL-HR\p27\v3\source1\video.avi. Using the time.txt-derived value -- see docs/VIPL_DATA_FORMAT.md Section 4.
Frame 1: face detector found nothing, reusing last known bounding box.
Frame 1: no bounding box available yet, using centered fallback box.
Frame 2: no bounding box available yet, using centered fallback box.
Frame 3: no bounding box available yet, using centered fallback box.
Frame 4: no bounding box available yet, using centered fallback box.
Frame 5: no bounding box available yet, using centered fallback box.
Frame 11: face detector found nothing, reusing last known bounding box.
Frame 16: face detector found nothing, reusing last known bounding box.
Frame 26: face detector found nothing, reusing last known bounding box.
Frame 31: face detector found nothing, reusing last known bounding box.
Frame 36: face detector found nothing, reusing last known bounding box.
Frame 41: face detector found nothing, reusing last known bounding box.
Frame 51: face detector found nothing, reusing last known bounding box.
Frame 61: face detector found nothing, reusing last known bounding box.
Frame 66: face detector found nothing, reusing last known bounding box.
Frame 71: face detector found nothing, reusing last known bounding box.
Frame 76: face detector found nothing, reusing last known bounding box.
Frame 81: face detector found nothing, reusing last known bounding box.
Frame 86: face detector found nothing, reusing last known bounding box.
Frame 91: face detector found nothing, reusing last known bounding box.
Frame 96: face detector found nothing, reusing last known bounding box.
Frame 101: face detector found nothing, reusing last known bounding box.
Frame 106: face detector found nothing, reusing last known bounding box.
Frame 111: face detector found nothing, reusing last known bounding box.
Frame 116: face detector found nothing, reusing last known bounding box.
Frame 126: face detector found nothing, reusing last known bounding box.
Frame 136: face detector found nothing, reusing last known bounding box.
Frame 141: face detector found nothing, reusing last known bounding box.
Frame 146: face detector found nothing, reusing last known bounding box.
Frame 151: face detector found nothing, reusing last known bounding box.
Frame 156: face detector found nothing, reusing last known bounding box.
Frame 161: face detector found nothing, reusing last known bounding box.
Frame 166: face detector found nothing, reusing last known bounding box.
Frame 171: face detector found nothing, reusing last known bounding box.
Frame 176: face detector found nothing, reusing last known bounding box.
Frame 181: face detector found nothing, reusing last known bounding box.
Frame 186: face detector found nothing, reusing last known bounding box.
Frame 191: face detector found nothing, reusing last known bounding box.
Frame 196: face detector found nothing, reusing last known bounding box.
Frame 201: face detector found nothing, reusing last known bounding box.
Frame 206: face detector found nothing, reusing last known bounding box.
Frame 226: face detector found nothing, reusing last known bounding box.
Frame 231: face detector found nothing, reusing last known bounding box.
Frame 236: face detector found nothing, reusing last known bounding box.
Frame 246: face detector found nothing, reusing last known bounding box.
Frame 251: face detector found nothing, reusing last known bounding box.
Frame 266: face detector found nothing, reusing last known bounding box.
Frame 281: face detector found nothing, reusing last known bounding box.
Frame 311: face detector found nothing, reusing last known bounding box.
Frame 316: face detector found nothing, reusing last known bounding box.
Frame 321: face detector found nothing, reusing last known bounding box.
Frame 366: face detector found nothing, reusing last known bounding box.
Frame 371: face detector found nothing, reusing last known bounding box.
Frame 376: face detector found nothing, reusing last known bounding box.
Frame 381: face detector found nothing, reusing last known bounding box.
Frame 386: face detector found nothing, reusing last known bounding box.
Frame 391: face detector found nothing, reusing last known bounding box.
Frame 396: face detector found nothing, reusing last known bounding box.
Frame 401: face detector found nothing, reusing last known bounding box.
Frame 421: face detector found nothing, reusing last known bounding box.
VIPL_p27_v3_source1 ok fs=16.065 n=439 gt=86.5 (27 rows)
loadVIPLVideo: WARNING -- container FrameRate (25 fps) disagrees with time.txt-derived FrameRate (16.1414 fps) by 35.4345% for I:\EEE 3-1\EEE 312\project\dataset\seg24_scratch\VIPL-HR\p28\v3\source1\video.avi. Using the time.txt-derived value -- see docs/VIPL_DATA_FORMAT.md Section 4.
Frame 276: face detector found nothing, reusing last known bounding box.
VIPL_p28_v3_source1 ok fs=16.141 n=634 gt=80.8 (28 rows)
loadVIPLVideo: WARNING -- container FrameRate (25 fps) disagrees with time.txt-derived FrameRate (16.141 fps) by 35.4361% for I:\EEE 3-1\EEE 312\project\dataset\seg24_scratch\VIPL-HR\p29\v3\source1\video.avi. Using the time.txt-derived value -- see docs/VIPL_DATA_FORMAT.md Section 4.
Frame 1: face detector found nothing, reusing last known bounding box.
Frame 1: no bounding box available yet, using centered fallback box.
Frame 2: no bounding box available yet, using centered fallback box.
Frame 3: no bounding box available yet, using centered fallback box.
Frame 4: no bounding box available yet, using centered fallback box.
Frame 5: no bounding box available yet, using centered fallback box.
Frame 16: face detector found nothing, reusing last known bounding box.
Frame 26: face detector found nothing, reusing last known bounding box.
Frame 41: face detector found nothing, reusing last known bounding box.
Frame 51: face detector found nothing, reusing last known bounding box.
Frame 61: face detector found nothing, reusing last known bounding box.
Frame 66: face detector found nothing, reusing last known bounding box.
Frame 71: face detector found nothing, reusing last known bounding box.
Frame 76: face detector found nothing, reusing last known bounding box.
Frame 91: face detector found nothing, reusing last known bounding box.
Frame 101: face detector found nothing, reusing last known bounding box.
Frame 111: face detector found nothing, reusing last known bounding box.
Frame 116: face detector found nothing, reusing last known bounding box.
Frame 131: face detector found nothing, reusing last known bounding box.
Frame 136: face detector found nothing, reusing last known bounding box.
Frame 141: face detector found nothing, reusing last known bounding box.
Frame 146: face detector found nothing, reusing last known bounding box.
Frame 151: face detector found nothing, reusing last known bounding box.
Frame 156: face detector found nothing, reusing last known bounding box.
Frame 161: face detector found nothing, reusing last known bounding box.
Frame 166: face detector found nothing, reusing last known bounding box.
Frame 171: face detector found nothing, reusing last known bounding box.
Frame 176: face detector found nothing, reusing last known bounding box.
Frame 186: face detector found nothing, reusing last known bounding box.
Frame 191: face detector found nothing, reusing last known bounding box.
Frame 201: face detector found nothing, reusing last known bounding box.
Frame 206: face detector found nothing, reusing last known bounding box.
Frame 216: face detector found nothing, reusing last known bounding box.
Frame 221: face detector found nothing, reusing last known bounding box.
Frame 226: face detector found nothing, reusing last known bounding box.
Frame 231: face detector found nothing, reusing last known bounding box.
Frame 236: face detector found nothing, reusing last known bounding box.
Frame 241: face detector found nothing, reusing last known bounding box.
Frame 246: face detector found nothing, reusing last known bounding box.
Frame 251: face detector found nothing, reusing last known bounding box.
Frame 256: face detector found nothing, reusing last known bounding box.
Frame 261: face detector found nothing, reusing last known bounding box.
Frame 276: face detector found nothing, reusing last known bounding box.
Frame 281: face detector found nothing, reusing last known bounding box.
Frame 286: face detector found nothing, reusing last known bounding box.
Frame 291: face detector found nothing, reusing last known bounding box.
Frame 296: face detector found nothing, reusing last known bounding box.
Frame 306: face detector found nothing, reusing last known bounding box.
Frame 311: face detector found nothing, reusing last known bounding box.
Frame 316: face detector found nothing, reusing last known bounding box.
Frame 321: face detector found nothing, reusing last known bounding box.
Frame 326: face detector found nothing, reusing last known bounding box.
Frame 331: face detector found nothing, reusing last known bounding box.
Frame 336: face detector found nothing, reusing last known bounding box.
Frame 341: face detector found nothing, reusing last known bounding box.
Frame 346: face detector found nothing, reusing last known bounding box.
Frame 351: face detector found nothing, reusing last known bounding box.
Frame 356: face detector found nothing, reusing last known bounding box.
Frame 361: face detector found nothing, reusing last known bounding box.
Frame 371: face detector found nothing, reusing last known bounding box.
Frame 376: face detector found nothing, reusing last known bounding box.
Frame 381: face detector found nothing, reusing last known bounding box.
Frame 386: face detector found nothing, reusing last known bounding box.
Frame 391: face detector found nothing, reusing last known bounding box.
Frame 401: face detector found nothing, reusing last known bounding box.
Frame 406: face detector found nothing, reusing last known bounding box.
Frame 411: face detector found nothing, reusing last known bounding box.
Frame 416: face detector found nothing, reusing last known bounding box.
Frame 421: face detector found nothing, reusing last known bounding box.
Frame 426: face detector found nothing, reusing last known bounding box.
Frame 431: face detector found nothing, reusing last known bounding box.
Frame 436: face detector found nothing, reusing last known bounding box.
Frame 441: face detector found nothing, reusing last known bounding box.
Frame 446: face detector found nothing, reusing last known bounding box.
Frame 451: face detector found nothing, reusing last known bounding box.
Frame 456: face detector found nothing, reusing last known bounding box.
Frame 461: face detector found nothing, reusing last known bounding box.
Frame 466: face detector found nothing, reusing last known bounding box.
Frame 471: face detector found nothing, reusing last known bounding box.
Frame 476: face detector found nothing, reusing last known bounding box.
Frame 486: face detector found nothing, reusing last known bounding box.
Frame 491: face detector found nothing, reusing last known bounding box.
Frame 496: face detector found nothing, reusing last known bounding box.
Frame 501: face detector found nothing, reusing last known bounding box.
VIPL_p29_v3_source1 ok fs=16.141 n=502 gt=73.7 (29 rows)
loadVIPLVideo: WARNING -- container FrameRate (25 fps) disagrees with time.txt-derived FrameRate (16.1385 fps) by 35.4461% for I:\EEE 3-1\EEE 312\project\dataset\seg24_scratch\VIPL-HR\p30\v3\source1\video.avi. Using the time.txt-derived value -- see docs/VIPL_DATA_FORMAT.md Section 4.
VIPL_p30_v3_source1 ok fs=16.138 n=497 gt=82.0 (30 rows)
loadVIPLVideo: WARNING -- container FrameRate (25 fps) disagrees with time.txt-derived FrameRate (29.7842 fps) by 19.1366% for I:\EEE 3-1\EEE 312\project\dataset\seg24_scratch\VIPL-HR\p31\v3\source1\video.avi. Using the time.txt-derived value -- see docs/VIPL_DATA_FORMAT.md Section 4.
Frame 21: face detector found nothing, reusing last known bounding box.
Frame 26: face detector found nothing, reusing last known bounding box.
VIPL_p31_v3_source1 ok fs=29.784 n=742 gt=85.4 (31 rows)
VIPL_p32_v3_source1 ok fs=24.927 n=825 gt=99.1 (32 rows)
VIPL_p33_v3_source1 ok fs=24.933 n=743 gt=89.4 (33 rows)
VIPL_p34_v3_source1 ok fs=24.922 n=722 gt=76.2 (34 rows)
VIPL_p35_v3_source1 ok fs=24.933 n=899 gt=80.4 (35 rows)
VIPL_p36_v3_source1 ok fs=24.924 n=915 gt=92.4 (36 rows)
Frame 866: face detector found nothing, reusing last known bounding box.
Frame 871: face detector found nothing, reusing last known bounding box.
VIPL_p37_v3_source1 ok fs=24.937 n=935 gt=91.2 (37 rows)
VIPL_p38_v3_source1 ok fs=24.934 n=767 gt=79.0 (38 rows)
Frame 1: face detector found nothing, reusing last known bounding box.
Frame 1: no bounding box available yet, using centered fallback box.
Frame 2: no bounding box available yet, using centered fallback box.
Frame 3: no bounding box available yet, using centered fallback box.
Frame 4: no bounding box available yet, using centered fallback box.
Frame 5: no bounding box available yet, using centered fallback box.
Frame 6: face detector found nothing, reusing last known bounding box.
Frame 6: no bounding box available yet, using centered fallback box.
Frame 7: no bounding box available yet, using centered fallback box.
Frame 8: no bounding box available yet, using centered fallback box.
Frame 9: no bounding box available yet, using centered fallback box.
Frame 10: no bounding box available yet, using centered fallback box.
Frame 11: face detector found nothing, reusing last known bounding box.
Frame 11: no bounding box available yet, using centered fallback box.
Frame 12: no bounding box available yet, using centered fallback box.
Frame 13: no bounding box available yet, using centered fallback box.
Frame 14: no bounding box available yet, using centered fallback box.
Frame 15: no bounding box available yet, using centered fallback box.
Frame 16: face detector found nothing, reusing last known bounding box.
Frame 16: no bounding box available yet, using centered fallback box.
Frame 17: no bounding box available yet, using centered fallback box.
Frame 18: no bounding box available yet, using centered fallback box.
Frame 19: no bounding box available yet, using centered fallback box.
Frame 20: no bounding box available yet, using centered fallback box.
Frame 21: face detector found nothing, reusing last known bounding box.
Frame 21: no bounding box available yet, using centered fallback box.
Frame 22: no bounding box available yet, using centered fallback box.
Frame 23: no bounding box available yet, using centered fallback box.
Frame 24: no bounding box available yet, using centered fallback box.
Frame 25: no bounding box available yet, using centered fallback box.
Frame 26: face detector found nothing, reusing last known bounding box.
Frame 26: no bounding box available yet, using centered fallback box.
Frame 27: no bounding box available yet, using centered fallback box.
Frame 28: no bounding box available yet, using centered fallback box.
Frame 29: no bounding box available yet, using centered fallback box.
Frame 30: no bounding box available yet, using centered fallback box.
Frame 31: face detector found nothing, reusing last known bounding box.
Frame 31: no bounding box available yet, using centered fallback box.
Frame 32: no bounding box available yet, using centered fallback box.
Frame 33: no bounding box available yet, using centered fallback box.
Frame 34: no bounding box available yet, using centered fallback box.
Frame 35: no bounding box available yet, using centered fallback box.
Frame 36: face detector found nothing, reusing last known bounding box.
Frame 36: no bounding box available yet, using centered fallback box.
Frame 37: no bounding box available yet, using centered fallback box.
Frame 38: no bounding box available yet, using centered fallback box.
Frame 39: no bounding box available yet, using centered fallback box.
Frame 40: no bounding box available yet, using centered fallback box.
Frame 41: face detector found nothing, reusing last known bounding box.
Frame 41: no bounding box available yet, using centered fallback box.
Frame 42: no bounding box available yet, using centered fallback box.
Frame 43: no bounding box available yet, using centered fallback box.
Frame 44: no bounding box available yet, using centered fallback box.
Frame 45: no bounding box available yet, using centered fallback box.
Frame 46: face detector found nothing, reusing last known bounding box.
Frame 46: no bounding box available yet, using centered fallback box.
Frame 47: no bounding box available yet, using centered fallback box.
Frame 48: no bounding box available yet, using centered fallback box.
Frame 49: no bounding box available yet, using centered fallback box.
Frame 50: no bounding box available yet, using centered fallback box.
Frame 51: face detector found nothing, reusing last known bounding box.
Frame 51: no bounding box available yet, using centered fallback box.
Frame 52: no bounding box available yet, using centered fallback box.
Frame 53: no bounding box available yet, using centered fallback box.
Frame 54: no bounding box available yet, using centered fallback box.
Frame 55: no bounding box available yet, using centered fallback box.
Frame 56: face detector found nothing, reusing last known bounding box.
Frame 56: no bounding box available yet, using centered fallback box.
Frame 57: no bounding box available yet, using centered fallback box.
Frame 58: no bounding box available yet, using centered fallback box.
Frame 59: no bounding box available yet, using centered fallback box.
Frame 60: no bounding box available yet, using centered fallback box.
Frame 61: face detector found nothing, reusing last known bounding box.
Frame 61: no bounding box available yet, using centered fallback box.
Frame 62: no bounding box available yet, using centered fallback box.
Frame 63: no bounding box available yet, using centered fallback box.
Frame 64: no bounding box available yet, using centered fallback box.
Frame 65: no bounding box available yet, using centered fallback box.
Frame 66: face detector found nothing, reusing last known bounding box.
Frame 66: no bounding box available yet, using centered fallback box.
Frame 67: no bounding box available yet, using centered fallback box.
Frame 68: no bounding box available yet, using centered fallback box.
Frame 69: no bounding box available yet, using centered fallback box.
Frame 70: no bounding box available yet, using centered fallback box.
Frame 71: face detector found nothing, reusing last known bounding box.
Frame 71: no bounding box available yet, using centered fallback box.
Frame 72: no bounding box available yet, using centered fallback box.
Frame 73: no bounding box available yet, using centered fallback box.
Frame 74: no bounding box available yet, using centered fallback box.
Frame 75: no bounding box available yet, using centered fallback box.
Frame 76: face detector found nothing, reusing last known bounding box.
Frame 76: no bounding box available yet, using centered fallback box.
Frame 77: no bounding box available yet, using centered fallback box.
Frame 78: no bounding box available yet, using centered fallback box.
Frame 79: no bounding box available yet, using centered fallback box.
Frame 80: no bounding box available yet, using centered fallback box.
Frame 81: face detector found nothing, reusing last known bounding box.
Frame 81: no bounding box available yet, using centered fallback box.
Frame 82: no bounding box available yet, using centered fallback box.
Frame 83: no bounding box available yet, using centered fallback box.
Frame 84: no bounding box available yet, using centered fallback box.
Frame 85: no bounding box available yet, using centered fallback box.
Frame 86: face detector found nothing, reusing last known bounding box.
Frame 86: no bounding box available yet, using centered fallback box.
Frame 87: no bounding box available yet, using centered fallback box.
Frame 88: no bounding box available yet, using centered fallback box.
Frame 89: no bounding box available yet, using centered fallback box.
Frame 90: no bounding box available yet, using centered fallback box.
Frame 91: face detector found nothing, reusing last known bounding box.
Frame 91: no bounding box available yet, using centered fallback box.
Frame 92: no bounding box available yet, using centered fallback box.
Frame 93: no bounding box available yet, using centered fallback box.
Frame 94: no bounding box available yet, using centered fallback box.
Frame 95: no bounding box available yet, using centered fallback box.
Frame 96: face detector found nothing, reusing last known bounding box.
Frame 96: no bounding box available yet, using centered fallback box.
Frame 97: no bounding box available yet, using centered fallback box.
Frame 98: no bounding box available yet, using centered fallback box.
Frame 99: no bounding box available yet, using centered fallback box.
Frame 100: no bounding box available yet, using centered fallback box.
Frame 101: face detector found nothing, reusing last known bounding box.
Frame 101: no bounding box available yet, using centered fallback box.
Frame 102: no bounding box available yet, using centered fallback box.
Frame 103: no bounding box available yet, using centered fallback box.
Frame 104: no bounding box available yet, using centered fallback box.
Frame 105: no bounding box available yet, using centered fallback box.
Frame 106: face detector found nothing, reusing last known bounding box.
Frame 106: no bounding box available yet, using centered fallback box.
Frame 107: no bounding box available yet, using centered fallback box.
Frame 108: no bounding box available yet, using centered fallback box.
Frame 109: no bounding box available yet, using centered fallback box.
Frame 110: no bounding box available yet, using centered fallback box.
Frame 111: face detector found nothing, reusing last known bounding box.
Frame 111: no bounding box available yet, using centered fallback box.
Frame 112: no bounding box available yet, using centered fallback box.
Frame 113: no bounding box available yet, using centered fallback box.
Frame 114: no bounding box available yet, using centered fallback box.
Frame 115: no bounding box available yet, using centered fallback box.
Frame 116: face detector found nothing, reusing last known bounding box.
Frame 116: no bounding box available yet, using centered fallback box.
Frame 117: no bounding box available yet, using centered fallback box.
Frame 118: no bounding box available yet, using centered fallback box.
Frame 119: no bounding box available yet, using centered fallback box.
Frame 120: no bounding box available yet, using centered fallback box.
Frame 121: face detector found nothing, reusing last known bounding box.
Frame 121: no bounding box available yet, using centered fallback box.
Frame 122: no bounding box available yet, using centered fallback box.
Frame 123: no bounding box available yet, using centered fallback box.
Frame 124: no bounding box available yet, using centered fallback box.
Frame 125: no bounding box available yet, using centered fallback box.
Frame 126: face detector found nothing, reusing last known bounding box.
Frame 126: no bounding box available yet, using centered fallback box.
Frame 127: no bounding box available yet, using centered fallback box.
Frame 128: no bounding box available yet, using centered fallback box.
Frame 129: no bounding box available yet, using centered fallback box.
Frame 130: no bounding box available yet, using centered fallback box.
Frame 131: face detector found nothing, reusing last known bounding box.
Frame 131: no bounding box available yet, using centered fallback box.
Frame 132: no bounding box available yet, using centered fallback box.
Frame 133: no bounding box available yet, using centered fallback box.
Frame 134: no bounding box available yet, using centered fallback box.
Frame 135: no bounding box available yet, using centered fallback box.
Frame 136: face detector found nothing, reusing last known bounding box.
Frame 136: no bounding box available yet, using centered fallback box.
Frame 137: no bounding box available yet, using centered fallback box.
Frame 138: no bounding box available yet, using centered fallback box.
Frame 139: no bounding box available yet, using centered fallback box.
Frame 140: no bounding box available yet, using centered fallback box.
Frame 141: face detector found nothing, reusing last known bounding box.
Frame 141: no bounding box available yet, using centered fallback box.
Frame 142: no bounding box available yet, using centered fallback box.
Frame 143: no bounding box available yet, using centered fallback box.
Frame 144: no bounding box available yet, using centered fallback box.
Frame 145: no bounding box available yet, using centered fallback box.
Frame 146: face detector found nothing, reusing last known bounding box.
Frame 146: no bounding box available yet, using centered fallback box.
Frame 147: no bounding box available yet, using centered fallback box.
Frame 148: no bounding box available yet, using centered fallback box.
Frame 149: no bounding box available yet, using centered fallback box.
Frame 150: no bounding box available yet, using centered fallback box.
Frame 151: face detector found nothing, reusing last known bounding box.
Frame 151: no bounding box available yet, using centered fallback box.
Frame 152: no bounding box available yet, using centered fallback box.
Frame 153: no bounding box available yet, using centered fallback box.
Frame 154: no bounding box available yet, using centered fallback box.
Frame 155: no bounding box available yet, using centered fallback box.
Frame 156: face detector found nothing, reusing last known bounding box.
Frame 156: no bounding box available yet, using centered fallback box.
Frame 157: no bounding box available yet, using centered fallback box.
Frame 158: no bounding box available yet, using centered fallback box.
Frame 159: no bounding box available yet, using centered fallback box.
Frame 160: no bounding box available yet, using centered fallback box.
Frame 161: face detector found nothing, reusing last known bounding box.
Frame 161: no bounding box available yet, using centered fallback box.
Frame 162: no bounding box available yet, using centered fallback box.
Frame 163: no bounding box available yet, using centered fallback box.
Frame 164: no bounding box available yet, using centered fallback box.
Frame 165: no bounding box available yet, using centered fallback box.
Frame 166: face detector found nothing, reusing last known bounding box.
Frame 166: no bounding box available yet, using centered fallback box.
Frame 167: no bounding box available yet, using centered fallback box.
Frame 168: no bounding box available yet, using centered fallback box.
Frame 169: no bounding box available yet, using centered fallback box.
Frame 170: no bounding box available yet, using centered fallback box.
Frame 171: face detector found nothing, reusing last known bounding box.
Frame 171: no bounding box available yet, using centered fallback box.
Frame 172: no bounding box available yet, using centered fallback box.
Frame 173: no bounding box available yet, using centered fallback box.
Frame 174: no bounding box available yet, using centered fallback box.
Frame 175: no bounding box available yet, using centered fallback box.
Frame 176: face detector found nothing, reusing last known bounding box.
Frame 176: no bounding box available yet, using centered fallback box.
Frame 177: no bounding box available yet, using centered fallback box.
Frame 178: no bounding box available yet, using centered fallback box.
Frame 179: no bounding box available yet, using centered fallback box.
Frame 180: no bounding box available yet, using centered fallback box.
Frame 181: face detector found nothing, reusing last known bounding box.
Frame 181: no bounding box available yet, using centered fallback box.
Frame 182: no bounding box available yet, using centered fallback box.
Frame 183: no bounding box available yet, using centered fallback box.
Frame 184: no bounding box available yet, using centered fallback box.
Frame 185: no bounding box available yet, using centered fallback box.
Frame 186: face detector found nothing, reusing last known bounding box.
Frame 186: no bounding box available yet, using centered fallback box.
Frame 187: no bounding box available yet, using centered fallback box.
Frame 188: no bounding box available yet, using centered fallback box.
Frame 189: no bounding box available yet, using centered fallback box.
Frame 190: no bounding box available yet, using centered fallback box.
Frame 191: face detector found nothing, reusing last known bounding box.
Frame 191: no bounding box available yet, using centered fallback box.
Frame 192: no bounding box available yet, using centered fallback box.
Frame 193: no bounding box available yet, using centered fallback box.
Frame 194: no bounding box available yet, using centered fallback box.
Frame 195: no bounding box available yet, using centered fallback box.
Frame 196: face detector found nothing, reusing last known bounding box.
Frame 196: no bounding box available yet, using centered fallback box.
Frame 197: no bounding box available yet, using centered fallback box.
Frame 198: no bounding box available yet, using centered fallback box.
Frame 199: no bounding box available yet, using centered fallback box.
Frame 200: no bounding box available yet, using centered fallback box.
Frame 201: face detector found nothing, reusing last known bounding box.
Frame 201: no bounding box available yet, using centered fallback box.
Frame 202: no bounding box available yet, using centered fallback box.
Frame 203: no bounding box available yet, using centered fallback box.
Frame 204: no bounding box available yet, using centered fallback box.
Frame 205: no bounding box available yet, using centered fallback box.
Frame 206: face detector found nothing, reusing last known bounding box.
Frame 206: no bounding box available yet, using centered fallback box.
Frame 207: no bounding box available yet, using centered fallback box.
Frame 208: no bounding box available yet, using centered fallback box.
Frame 209: no bounding box available yet, using centered fallback box.
Frame 210: no bounding box available yet, using centered fallback box.
Frame 211: face detector found nothing, reusing last known bounding box.
Frame 211: no bounding box available yet, using centered fallback box.
Frame 212: no bounding box available yet, using centered fallback box.
Frame 213: no bounding box available yet, using centered fallback box.
Frame 214: no bounding box available yet, using centered fallback box.
Frame 215: no bounding box available yet, using centered fallback box.
Frame 216: face detector found nothing, reusing last known bounding box.
Frame 216: no bounding box available yet, using centered fallback box.
Frame 217: no bounding box available yet, using centered fallback box.
Frame 218: no bounding box available yet, using centered fallback box.
Frame 219: no bounding box available yet, using centered fallback box.
Frame 220: no bounding box available yet, using centered fallback box.
Frame 221: face detector found nothing, reusing last known bounding box.
Frame 221: no bounding box available yet, using centered fallback box.
Frame 222: no bounding box available yet, using centered fallback box.
Frame 223: no bounding box available yet, using centered fallback box.
Frame 224: no bounding box available yet, using centered fallback box.
Frame 225: no bounding box available yet, using centered fallback box.
Frame 226: face detector found nothing, reusing last known bounding box.
Frame 226: no bounding box available yet, using centered fallback box.
Frame 227: no bounding box available yet, using centered fallback box.
Frame 228: no bounding box available yet, using centered fallback box.
Frame 229: no bounding box available yet, using centered fallback box.
Frame 230: no bounding box available yet, using centered fallback box.
Frame 231: face detector found nothing, reusing last known bounding box.
Frame 231: no bounding box available yet, using centered fallback box.
Frame 232: no bounding box available yet, using centered fallback box.
Frame 233: no bounding box available yet, using centered fallback box.
Frame 234: no bounding box available yet, using centered fallback box.
Frame 235: no bounding box available yet, using centered fallback box.
Frame 236: face detector found nothing, reusing last known bounding box.
Frame 236: no bounding box available yet, using centered fallback box.
Frame 237: no bounding box available yet, using centered fallback box.
Frame 238: no bounding box available yet, using centered fallback box.
Frame 239: no bounding box available yet, using centered fallback box.
Frame 240: no bounding box available yet, using centered fallback box.
Frame 241: face detector found nothing, reusing last known bounding box.
Frame 241: no bounding box available yet, using centered fallback box.
Frame 242: no bounding box available yet, using centered fallback box.
Frame 243: no bounding box available yet, using centered fallback box.
Frame 244: no bounding box available yet, using centered fallback box.
Frame 245: no bounding box available yet, using centered fallback box.
Frame 246: face detector found nothing, reusing last known bounding box.
Frame 246: no bounding box available yet, using centered fallback box.
Frame 247: no bounding box available yet, using centered fallback box.
Frame 248: no bounding box available yet, using centered fallback box.
Frame 249: no bounding box available yet, using centered fallback box.
Frame 250: no bounding box available yet, using centered fallback box.
Frame 251: face detector found nothing, reusing last known bounding box.
Frame 251: no bounding box available yet, using centered fallback box.
Frame 252: no bounding box available yet, using centered fallback box.
Frame 253: no bounding box available yet, using centered fallback box.
Frame 254: no bounding box available yet, using centered fallback box.
Frame 255: no bounding box available yet, using centered fallback box.
Frame 256: face detector found nothing, reusing last known bounding box.
Frame 256: no bounding box available yet, using centered fallback box.
Frame 257: no bounding box available yet, using centered fallback box.
Frame 258: no bounding box available yet, using centered fallback box.
Frame 259: no bounding box available yet, using centered fallback box.
Frame 260: no bounding box available yet, using centered fallback box.
Frame 261: face detector found nothing, reusing last known bounding box.
Frame 261: no bounding box available yet, using centered fallback box.
Frame 262: no bounding box available yet, using centered fallback box.
Frame 263: no bounding box available yet, using centered fallback box.
Frame 264: no bounding box available yet, using centered fallback box.
Frame 265: no bounding box available yet, using centered fallback box.
Frame 266: face detector found nothing, reusing last known bounding box.
Frame 266: no bounding box available yet, using centered fallback box.
Frame 267: no bounding box available yet, using centered fallback box.
Frame 268: no bounding box available yet, using centered fallback box.
Frame 269: no bounding box available yet, using centered fallback box.
Frame 270: no bounding box available yet, using centered fallback box.
Frame 271: face detector found nothing, reusing last known bounding box.
Frame 271: no bounding box available yet, using centered fallback box.
Frame 272: no bounding box available yet, using centered fallback box.
Frame 273: no bounding box available yet, using centered fallback box.
Frame 274: no bounding box available yet, using centered fallback box.
Frame 275: no bounding box available yet, using centered fallback box.
Frame 276: face detector found nothing, reusing last known bounding box.
Frame 276: no bounding box available yet, using centered fallback box.
Frame 277: no bounding box available yet, using centered fallback box.
Frame 278: no bounding box available yet, using centered fallback box.
Frame 279: no bounding box available yet, using centered fallback box.
Frame 280: no bounding box available yet, using centered fallback box.
Frame 281: face detector found nothing, reusing last known bounding box.
Frame 281: no bounding box available yet, using centered fallback box.
Frame 282: no bounding box available yet, using centered fallback box.
Frame 283: no bounding box available yet, using centered fallback box.
Frame 284: no bounding box available yet, using centered fallback box.
Frame 285: no bounding box available yet, using centered fallback box.
Frame 286: face detector found nothing, reusing last known bounding box.
Frame 286: no bounding box available yet, using centered fallback box.
Frame 287: no bounding box available yet, using centered fallback box.
Frame 288: no bounding box available yet, using centered fallback box.
Frame 289: no bounding box available yet, using centered fallback box.
Frame 290: no bounding box available yet, using centered fallback box.
Frame 291: face detector found nothing, reusing last known bounding box.
Frame 291: no bounding box available yet, using centered fallback box.
Frame 292: no bounding box available yet, using centered fallback box.
Frame 293: no bounding box available yet, using centered fallback box.
Frame 294: no bounding box available yet, using centered fallback box.
Frame 295: no bounding box available yet, using centered fallback box.
Frame 296: face detector found nothing, reusing last known bounding box.
Frame 296: no bounding box available yet, using centered fallback box.
Frame 297: no bounding box available yet, using centered fallback box.
Frame 298: no bounding box available yet, using centered fallback box.
Frame 299: no bounding box available yet, using centered fallback box.
Frame 300: no bounding box available yet, using centered fallback box.
Frame 301: face detector found nothing, reusing last known bounding box.
Frame 301: no bounding box available yet, using centered fallback box.
Frame 302: no bounding box available yet, using centered fallback box.
Frame 303: no bounding box available yet, using centered fallback box.
Frame 304: no bounding box available yet, using centered fallback box.
Frame 305: no bounding box available yet, using centered fallback box.
Frame 331: face detector found nothing, reusing last known bounding box.
Frame 336: face detector found nothing, reusing last known bounding box.
Frame 341: face detector found nothing, reusing last known bounding box.
Frame 346: face detector found nothing, reusing last known bounding box.
Frame 351: face detector found nothing, reusing last known bounding box.
Frame 356: face detector found nothing, reusing last known bounding box.
Frame 361: face detector found nothing, reusing last known bounding box.
Frame 366: face detector found nothing, reusing last known bounding box.
Frame 371: face detector found nothing, reusing last known bounding box.
Frame 376: face detector found nothing, reusing last known bounding box.
Frame 381: face detector found nothing, reusing last known bounding box.
Frame 386: face detector found nothing, reusing last known bounding box.
Frame 391: face detector found nothing, reusing last known bounding box.
Frame 396: face detector found nothing, reusing last known bounding box.
Frame 401: face detector found nothing, reusing last known bounding box.
Frame 406: face detector found nothing, reusing last known bounding box.
Frame 411: face detector found nothing, reusing last known bounding box.
Frame 416: face detector found nothing, reusing last known bounding box.
Frame 421: face detector found nothing, reusing last known bounding box.
Frame 426: face detector found nothing, reusing last known bounding box.
Frame 431: face detector found nothing, reusing last known bounding box.
Frame 436: face detector found nothing, reusing last known bounding box.
Frame 441: face detector found nothing, reusing last known bounding box.
Frame 446: face detector found nothing, reusing last known bounding box.
Frame 451: face detector found nothing, reusing last known bounding box.
Frame 456: face detector found nothing, reusing last known bounding box.
Frame 461: face detector found nothing, reusing last known bounding box.
Frame 466: face detector found nothing, reusing last known bounding box.
Frame 471: face detector found nothing, reusing last known bounding box.
Frame 476: face detector found nothing, reusing last known bounding box.
Frame 481: face detector found nothing, reusing last known bounding box.
Frame 486: face detector found nothing, reusing last known bounding box.
Frame 491: face detector found nothing, reusing last known bounding box.
Frame 496: face detector found nothing, reusing last known bounding box.
Frame 501: face detector found nothing, reusing last known bounding box.
Frame 506: face detector found nothing, reusing last known bounding box.
Frame 511: face detector found nothing, reusing last known bounding box.
Frame 516: face detector found nothing, reusing last known bounding box.
Frame 521: face detector found nothing, reusing last known bounding box.
Frame 526: face detector found nothing, reusing last known bounding box.
Frame 531: face detector found nothing, reusing last known bounding box.
Frame 536: face detector found nothing, reusing last known bounding box.
Frame 541: face detector found nothing, reusing last known bounding box.
Frame 546: face detector found nothing, reusing last known bounding box.
Frame 551: face detector found nothing, reusing last known bounding box.
Frame 556: face detector found nothing, reusing last known bounding box.
Frame 561: face detector found nothing, reusing last known bounding box.
Frame 566: face detector found nothing, reusing last known bounding box.
Frame 571: face detector found nothing, reusing last known bounding box.
Frame 576: face detector found nothing, reusing last known bounding box.
Frame 581: face detector found nothing, reusing last known bounding box.
Frame 586: face detector found nothing, reusing last known bounding box.
Frame 591: face detector found nothing, reusing last known bounding box.
Frame 601: face detector found nothing, reusing last known bounding box.
Frame 606: face detector found nothing, reusing last known bounding box.
Frame 611: face detector found nothing, reusing last known bounding box.
Frame 616: face detector found nothing, reusing last known bounding box.
Frame 621: face detector found nothing, reusing last known bounding box.
Frame 626: face detector found nothing, reusing last known bounding box.
Frame 661: face detector found nothing, reusing last known bounding box.
Frame 666: face detector found nothing, reusing last known bounding box.
Frame 671: face detector found nothing, reusing last known bounding box.
Frame 676: face detector found nothing, reusing last known bounding box.
Frame 681: face detector found nothing, reusing last known bounding box.
Frame 686: face detector found nothing, reusing last known bounding box.
Frame 691: face detector found nothing, reusing last known bounding box.
Frame 696: face detector found nothing, reusing last known bounding box.
Frame 701: face detector found nothing, reusing last known bounding box.
Frame 706: face detector found nothing, reusing last known bounding box.
Frame 711: face detector found nothing, reusing last known bounding box.
Frame 736: face detector found nothing, reusing last known bounding box.
VIPL_p39_v3_source1 ok fs=24.932 n=739 gt=86.0 (39 rows)
VIPL_p40_v3_source1 ok fs=24.936 n=1087 gt=95.6 (40 rows)
VIPL_p41_v3_source1 ok fs=24.934 n=836 gt=87.6 (41 rows)
VIPL_p43_v3_source1 ok fs=24.866 n=815 gt=70.0 (42 rows)
VIPL_p44_v3_source1 ok fs=24.930 n=778 gt=67.9 (43 rows)
loadVIPLVideo: WARNING -- container FrameRate (25 fps) disagrees with time.txt-derived FrameRate (19.2346 fps) by 23.0617% for I:\EEE 3-1\EEE 312\project\dataset\seg24_scratch\VIPL-HR\p45\v3\source1\video.avi. Using the time.txt-derived value -- see docs/VIPL_DATA_FORMAT.md Section 4.
VIPL_p45_v3_source1 ok fs=19.235 n=583 gt=74.3 (44 rows)
loadVIPLVideo: WARNING -- container FrameRate (25 fps) disagrees with time.txt-derived FrameRate (19.2353 fps) by 23.0588% for I:\EEE 3-1\EEE 312\project\dataset\seg24_scratch\VIPL-HR\p46\v3\source1\video.avi. Using the time.txt-derived value -- see docs/VIPL_DATA_FORMAT.md Section 4.
VIPL_p46_v3_source1 ok fs=19.235 n=571 gt=79.2 (45 rows)
VIPL_p47_v3_source1 ok fs=23.828 n=765 gt=68.5 (46 rows)
VIPL_p48_v3_source1 ok fs=23.827 n=691 gt=82.1 (47 rows)
loadVIPLVideo: WARNING -- container FrameRate (25 fps) disagrees with time.txt-derived FrameRate (19.2019 fps) by 23.1923% for I:\EEE 3-1\EEE 312\project\dataset\seg24_scratch\VIPL-HR\p49\v3\source1\video.avi. Using the time.txt-derived value -- see docs/VIPL_DATA_FORMAT.md Section 4.
VIPL_p49_v3_source1 ok fs=19.202 n=590 gt=82.0 (48 rows)
Frame 106: face detector found nothing, reusing last known bounding box.
Frame 536: face detector found nothing, reusing last known bounding box.
Frame 576: face detector found nothing, reusing last known bounding box.
Frame 676: face detector found nothing, reusing last known bounding box.
Frame 681: face detector found nothing, reusing last known bounding box.
Frame 686: face detector found nothing, reusing last known bounding box.
Frame 691: face detector found nothing, reusing last known bounding box.
Frame 721: face detector found nothing, reusing last known bounding box.
Frame 726: face detector found nothing, reusing last known bounding box.
Frame 736: face detector found nothing, reusing last known bounding box.
VIPL_p50_v3_source1 ok fs=23.823 n=742 gt=85.2 (49 rows)
loadVIPLVideo: WARNING -- container FrameRate (25 fps) disagrees with time.txt-derived FrameRate (16.1387 fps) by 35.4454% for I:\EEE 3-1\EEE 312\project\dataset\seg24_scratch\VIPL-HR\p51\v3\source1\video.avi. Using the time.txt-derived value -- see docs/VIPL_DATA_FORMAT.md Section 4.
VIPL_p51_v3_source1 ok fs=16.139 n=488 gt=85.7 (50 rows)
loadVIPLVideo: WARNING -- container FrameRate (25 fps) disagrees with time.txt-derived FrameRate (16.1399 fps) by 35.4403% for I:\EEE 3-1\EEE 312\project\dataset\seg24_scratch\VIPL-HR\p52\v3\source1\video.avi. Using the time.txt-derived value -- see docs/VIPL_DATA_FORMAT.md Section 4.
VIPL_p52_v3_source1 ok fs=16.140 n=503 gt=74.0 (51 rows)
loadVIPLVideo: WARNING -- container FrameRate (25 fps) disagrees with time.txt-derived FrameRate (16.1405 fps) by 35.4381% for I:\EEE 3-1\EEE 312\project\dataset\seg24_scratch\VIPL-HR\p53\v3\source1\video.avi. Using the time.txt-derived value -- see docs/VIPL_DATA_FORMAT.md Section 4.
Frame 1: face detector found nothing, reusing last known bounding box.
Frame 1: no bounding box available yet, using centered fallback box.
Frame 2: no bounding box available yet, using centered fallback box.
Frame 3: no bounding box available yet, using centered fallback box.
Frame 4: no bounding box available yet, using centered fallback box.
Frame 5: no bounding box available yet, using centered fallback box.
Frame 11: face detector found nothing, reusing last known bounding box.
Frame 21: face detector found nothing, reusing last known bounding box.
Frame 31: face detector found nothing, reusing last known bounding box.
Frame 51: face detector found nothing, reusing last known bounding box.
Frame 56: face detector found nothing, reusing last known bounding box.
Frame 91: face detector found nothing, reusing last known bounding box.
Frame 111: face detector found nothing, reusing last known bounding box.
Frame 216: face detector found nothing, reusing last known bounding box.
Frame 231: face detector found nothing, reusing last known bounding box.
Frame 236: face detector found nothing, reusing last known bounding box.
Frame 241: face detector found nothing, reusing last known bounding box.
Frame 251: face detector found nothing, reusing last known bounding box.
Frame 256: face detector found nothing, reusing last known bounding box.
Frame 266: face detector found nothing, reusing last known bounding box.
Frame 276: face detector found nothing, reusing last known bounding box.
Frame 326: face detector found nothing, reusing last known bounding box.
Frame 331: face detector found nothing, reusing last known bounding box.
Frame 336: face detector found nothing, reusing last known bounding box.
Frame 346: face detector found nothing, reusing last known bounding box.
Frame 351: face detector found nothing, reusing last known bounding box.
Frame 361: face detector found nothing, reusing last known bounding box.
Frame 366: face detector found nothing, reusing last known bounding box.
Frame 376: face detector found nothing, reusing last known bounding box.
Frame 386: face detector found nothing, reusing last known bounding box.
Frame 396: face detector found nothing, reusing last known bounding box.
Frame 401: face detector found nothing, reusing last known bounding box.
Frame 406: face detector found nothing, reusing last known bounding box.
Frame 411: face detector found nothing, reusing last known bounding box.
Frame 431: face detector found nothing, reusing last known bounding box.
Frame 441: face detector found nothing, reusing last known bounding box.
Frame 446: face detector found nothing, reusing last known bounding box.
Frame 451: face detector found nothing, reusing last known bounding box.
Frame 456: face detector found nothing, reusing last known bounding box.
Frame 471: face detector found nothing, reusing last known bounding box.
Frame 476: face detector found nothing, reusing last known bounding box.
Frame 481: face detector found nothing, reusing last known bounding box.
Frame 496: face detector found nothing, reusing last known bounding box.
Frame 501: face detector found nothing, reusing last known bounding box.
VIPL_p53_v3_source1 ok fs=16.140 n=502 gt=93.7 (52 rows)
loadVIPLVideo: WARNING -- container FrameRate (25 fps) disagrees with time.txt-derived FrameRate (16.1397 fps) by 35.441% for I:\EEE 3-1\EEE 312\project\dataset\seg24_scratch\VIPL-HR\p54\v3\source1\video.avi. Using the time.txt-derived value -- see docs/VIPL_DATA_FORMAT.md Section 4.
Frame 336: face detector found nothing, reusing last known bounding box.
Frame 376: face detector found nothing, reusing last known bounding box.
VIPL_p54_v3_source1 ok fs=16.140 n=487 gt=93.2 (53 rows)
loadVIPLVideo: WARNING -- container FrameRate (25 fps) disagrees with time.txt-derived FrameRate (16.143 fps) by 35.428% for I:\EEE 3-1\EEE 312\project\dataset\seg24_scratch\VIPL-HR\p55\v3\source1\video.avi. Using the time.txt-derived value -- see docs/VIPL_DATA_FORMAT.md Section 4.
VIPL_p55_v3_source1 ok fs=16.143 n=430 gt=90.0 (54 rows)
loadVIPLVideo: WARNING -- container FrameRate (25 fps) disagrees with time.txt-derived FrameRate (16.139 fps) by 35.4441% for I:\EEE 3-1\EEE 312\project\dataset\seg24_scratch\VIPL-HR\p56\v3\source1\video.avi. Using the time.txt-derived value -- see docs/VIPL_DATA_FORMAT.md Section 4.
VIPL_p56_v3_source1 ok fs=16.139 n=472 gt=87.3 (55 rows)
loadVIPLVideo: WARNING -- container FrameRate (25 fps) disagrees with time.txt-derived FrameRate (19.234 fps) by 23.0642% for I:\EEE 3-1\EEE 312\project\dataset\seg24_scratch\VIPL-HR\p57\v3\source1\video.avi. Using the time.txt-derived value -- see docs/VIPL_DATA_FORMAT.md Section 4.
Frame 61: face detector found nothing, reusing last known bounding box.
Frame 66: face detector found nothing, reusing last known bounding box.
Frame 71: face detector found nothing, reusing last known bounding box.
Frame 81: face detector found nothing, reusing last known bounding box.
Frame 86: face detector found nothing, reusing last known bounding box.
Frame 121: face detector found nothing, reusing last known bounding box.
Frame 131: face detector found nothing, reusing last known bounding box.
Frame 136: face detector found nothing, reusing last known bounding box.
Frame 146: face detector found nothing, reusing last known bounding box.
Frame 151: face detector found nothing, reusing last known bounding box.
Frame 156: face detector found nothing, reusing last known bounding box.
Frame 201: face detector found nothing, reusing last known bounding box.
Frame 206: face detector found nothing, reusing last known bounding box.
Frame 211: face detector found nothing, reusing last known bounding box.
Frame 216: face detector found nothing, reusing last known bounding box.
Frame 221: face detector found nothing, reusing last known bounding box.
Frame 266: face detector found nothing, reusing last known bounding box.
Frame 281: face detector found nothing, reusing last known bounding box.
Frame 286: face detector found nothing, reusing last known bounding box.
Frame 296: face detector found nothing, reusing last known bounding box.
Frame 301: face detector found nothing, reusing last known bounding box.
Frame 306: face detector found nothing, reusing last known bounding box.
Frame 311: face detector found nothing, reusing last known bounding box.
Frame 321: face detector found nothing, reusing last known bounding box.
Frame 326: face detector found nothing, reusing last known bounding box.
Frame 331: face detector found nothing, reusing last known bounding box.
Frame 336: face detector found nothing, reusing last known bounding box.
Frame 341: face detector found nothing, reusing last known bounding box.
Frame 346: face detector found nothing, reusing last known bounding box.
Frame 401: face detector found nothing, reusing last known bounding box.
Frame 421: face detector found nothing, reusing last known bounding box.
Frame 426: face detector found nothing, reusing last known bounding box.
Frame 436: face detector found nothing, reusing last known bounding box.
Frame 446: face detector found nothing, reusing last known bounding box.
Frame 456: face detector found nothing, reusing last known bounding box.
Frame 461: face detector found nothing, reusing last known bounding box.
Frame 466: face detector found nothing, reusing last known bounding box.
Frame 471: face detector found nothing, reusing last known bounding box.
Frame 486: face detector found nothing, reusing last known bounding box.
Frame 491: face detector found nothing, reusing last known bounding box.
Frame 506: face detector found nothing, reusing last known bounding box.
Frame 516: face detector found nothing, reusing last known bounding box.
Frame 531: face detector found nothing, reusing last known bounding box.
Frame 536: face detector found nothing, reusing last known bounding box.
Frame 541: face detector found nothing, reusing last known bounding box.
Frame 556: face detector found nothing, reusing last known bounding box.
Frame 561: face detector found nothing, reusing last known bounding box.
Frame 566: face detector found nothing, reusing last known bounding box.
Frame 571: face detector found nothing, reusing last known bounding box.
Frame 576: face detector found nothing, reusing last known bounding box.
Frame 581: face detector found nothing, reusing last known bounding box.
VIPL_p57_v3_source1 ok fs=19.234 n=582 gt=65.5 (56 rows)
loadVIPLVideo: WARNING -- container FrameRate (25 fps) disagrees with time.txt-derived FrameRate (19.2301 fps) by 23.0795% for I:\EEE 3-1\EEE 312\project\dataset\seg24_scratch\VIPL-HR\p58\v3\source1\video.avi. Using the time.txt-derived value -- see docs/VIPL_DATA_FORMAT.md Section 4.
VIPL_p58_v3_source1 ok fs=19.230 n=581 gt=74.3 (57 rows)
loadVIPLVideo: WARNING -- container FrameRate (25 fps) disagrees with time.txt-derived FrameRate (19.2325 fps) by 23.0701% for I:\EEE 3-1\EEE 312\project\dataset\seg24_scratch\VIPL-HR\p59\v3\source1\video.avi. Using the time.txt-derived value -- see docs/VIPL_DATA_FORMAT.md Section 4.
VIPL_p59_v3_source1 ok fs=19.232 n=654 gt=74.9 (58 rows)
loadVIPLVideo: WARNING -- container FrameRate (25 fps) disagrees with time.txt-derived FrameRate (16.1434 fps) by 35.4262% for I:\EEE 3-1\EEE 312\project\dataset\seg24_scratch\VIPL-HR\p60\v3\source1\video.avi. Using the time.txt-derived value -- see docs/VIPL_DATA_FORMAT.md Section 4.
VIPL_p60_v3_source1 ok fs=16.143 n=507 gt=80.3 (59 rows)
loadVIPLVideo: WARNING -- container FrameRate (25 fps) disagrees with time.txt-derived FrameRate (16.1374 fps) by 35.4503% for I:\EEE 3-1\EEE 312\project\dataset\seg24_scratch\VIPL-HR\p61\v3\source1\video.avi. Using the time.txt-derived value -- see docs/VIPL_DATA_FORMAT.md Section 4.
VIPL_p61_v3_source1 ok fs=16.137 n=497 gt=86.6 (60 rows)
VIPL_p62_v3_source1 ok fs=23.825 n=760 gt=73.4 (61 rows)
loadVIPLVideo: WARNING -- container FrameRate (25 fps) disagrees with time.txt-derived FrameRate (19.2308 fps) by 23.0769% for I:\EEE 3-1\EEE 312\project\dataset\seg24_scratch\VIPL-HR\p63\v3\source1\video.avi. Using the time.txt-derived value -- see docs/VIPL_DATA_FORMAT.md Section 4.
VIPL_p63_v3_source1 ok fs=19.231 n=593 gt=89.1 (62 rows)
loadVIPLVideo: WARNING -- container FrameRate (25 fps) disagrees with time.txt-derived FrameRate (16.1061 fps) by 35.5757% for I:\EEE 3-1\EEE 312\project\dataset\seg24_scratch\VIPL-HR\p64\v3\source1\video.avi. Using the time.txt-derived value -- see docs/VIPL_DATA_FORMAT.md Section 4.
VIPL_p64_v3_source1 ok fs=16.106 n=578 gt=91.8 (63 rows)
loadVIPLVideo: WARNING -- container FrameRate (25 fps) disagrees with time.txt-derived FrameRate (16.1396 fps) by 35.4418% for I:\EEE 3-1\EEE 312\project\dataset\seg24_scratch\VIPL-HR\p65\v3\source1\video.avi. Using the time.txt-derived value -- see docs/VIPL_DATA_FORMAT.md Section 4.
VIPL_p65_v3_source1 ok fs=16.140 n=496 gt=94.1 (64 rows)
VIPL_p66_v3_source1 ok fs=23.824 n=901 gt=75.7 (65 rows)
loadVIPLVideo: WARNING -- container FrameRate (25 fps) disagrees with time.txt-derived FrameRate (16.1412 fps) by 35.4353% for I:\EEE 3-1\EEE 312\project\dataset\seg24_scratch\VIPL-HR\p67\v3\source1\video.avi. Using the time.txt-derived value -- see docs/VIPL_DATA_FORMAT.md Section 4.
VIPL_p67_v3_source1 ok fs=16.141 n=494 gt=78.3 (66 rows)
loadVIPLVideo: WARNING -- container FrameRate (25 fps) disagrees with time.txt-derived FrameRate (16.1406 fps) by 35.4374% for I:\EEE 3-1\EEE 312\project\dataset\seg24_scratch\VIPL-HR\p68\v3\source1\video.avi. Using the time.txt-derived value -- see docs/VIPL_DATA_FORMAT.md Section 4.
VIPL_p68_v3_source1 ok fs=16.141 n=494 gt=84.5 (67 rows)
loadVIPLVideo: WARNING -- container FrameRate (25 fps) disagrees with time.txt-derived FrameRate (16.1408 fps) by 35.4366% for I:\EEE 3-1\EEE 312\project\dataset\seg24_scratch\VIPL-HR\p69\v3\source1\video.avi. Using the time.txt-derived value -- see docs/VIPL_DATA_FORMAT.md Section 4.
VIPL_p69_v3_source1 ok fs=16.141 n=486 gt=76.8 (68 rows)
loadVIPLVideo: WARNING -- container FrameRate (25 fps) disagrees with time.txt-derived FrameRate (19.238 fps) by 23.048% for I:\EEE 3-1\EEE 312\project\dataset\seg24_scratch\VIPL-HR\p70\v3\source1\video.avi. Using the time.txt-derived value -- see docs/VIPL_DATA_FORMAT.md Section 4.
VIPL_p70_v3_source1 ok fs=19.238 n=616 gt=81.3 (69 rows)
loadVIPLVideo: WARNING -- container FrameRate (25 fps) disagrees with time.txt-derived FrameRate (19.2308 fps) by 23.0769% for I:\EEE 3-1\EEE 312\project\dataset\seg24_scratch\VIPL-HR\p71\v3\source1\video.avi. Using the time.txt-derived value -- see docs/VIPL_DATA_FORMAT.md Section 4.
VIPL_p71_v3_source1 ok fs=19.231 n=601 gt=66.8 (70 rows)
loadVIPLVideo: WARNING -- container FrameRate (25 fps) disagrees with time.txt-derived FrameRate (16.1383 fps) by 35.4469% for I:\EEE 3-1\EEE 312\project\dataset\seg24_scratch\VIPL-HR\p72\v3\source1\video.avi. Using the time.txt-derived value -- see docs/VIPL_DATA_FORMAT.md Section 4.
VIPL_p72_v3_source1 ok fs=16.138 n=536 gt=92.1 (71 rows)
loadVIPLVideo: WARNING -- container FrameRate (25 fps) disagrees with time.txt-derived FrameRate (16.1379 fps) by 35.4486% for I:\EEE 3-1\EEE 312\project\dataset\seg24_scratch\VIPL-HR\p73\v3\source1\video.avi. Using the time.txt-derived value -- see docs/VIPL_DATA_FORMAT.md Section 4.
VIPL_p73_v3_source1 ok fs=16.138 n=473 gt=86.8 (72 rows)
loadVIPLVideo: WARNING -- container FrameRate (25 fps) disagrees with time.txt-derived FrameRate (16.1435 fps) by 35.4259% for I:\EEE 3-1\EEE 312\project\dataset\seg24_scratch\VIPL-HR\p74\v3\source1\video.avi. Using the time.txt-derived value -- see docs/VIPL_DATA_FORMAT.md Section 4.
VIPL_p74_v3_source1 ok fs=16.144 n=414 gt=73.6 (73 rows)
loadVIPLVideo: WARNING -- container FrameRate (25 fps) disagrees with time.txt-derived FrameRate (16.1357 fps) by 35.4571% for I:\EEE 3-1\EEE 312\project\dataset\seg24_scratch\VIPL-HR\p75\v3\source1\video.avi. Using the time.txt-derived value -- see docs/VIPL_DATA_FORMAT.md Section 4.
VIPL_p75_v3_source1 ok fs=16.136 n=546 gt=90.1 (74 rows)
loadVIPLVideo: WARNING -- container FrameRate (25 fps) disagrees with time.txt-derived FrameRate (16.1381 fps) by 35.4476% for I:\EEE 3-1\EEE 312\project\dataset\seg24_scratch\VIPL-HR\p76\v3\source1\video.avi. Using the time.txt-derived value -- see docs/VIPL_DATA_FORMAT.md Section 4.
VIPL_p76_v3_source1 ok fs=16.138 n=489 gt=73.5 (75 rows)
VIPL_p77_v3_source1 ok fs=23.826 n=731 gt=75.2 (76 rows)
loadVIPLVideo: WARNING -- container FrameRate (25 fps) disagrees with time.txt-derived FrameRate (16.1342 fps) by 35.4633% for I:\EEE 3-1\EEE 312\project\dataset\seg24_scratch\VIPL-HR\p78\v3\source1\video.avi. Using the time.txt-derived value -- see docs/VIPL_DATA_FORMAT.md Section 4.
VIPL_p78_v3_source1 ok fs=16.134 n=508 gt=91.4 (77 rows)
loadVIPLVideo: WARNING -- container FrameRate (25 fps) disagrees with time.txt-derived FrameRate (19.2277 fps) by 23.0891% for I:\EEE 3-1\EEE 312\project\dataset\seg24_scratch\VIPL-HR\p79\v3\source1\video.avi. Using the time.txt-derived value -- see docs/VIPL_DATA_FORMAT.md Section 4.
VIPL_p79_v3_source1 ok fs=19.228 n=608 gt=68.3 (78 rows)
loadVIPLVideo: WARNING -- container FrameRate (25 fps) disagrees with time.txt-derived FrameRate (16.1352 fps) by 35.4592% for I:\EEE 3-1\EEE 312\project\dataset\seg24_scratch\VIPL-HR\p80\v3\source1\video.avi. Using the time.txt-derived value -- see docs/VIPL_DATA_FORMAT.md Section 4.
VIPL_p80_v3_source1 ok fs=16.135 n=634 gt=86.2 (79 rows)
loadVIPLVideo: WARNING -- container FrameRate (25 fps) disagrees with time.txt-derived FrameRate (16.1376 fps) by 35.4497% for I:\EEE 3-1\EEE 312\project\dataset\seg24_scratch\VIPL-HR\p81\v3\source1\video.avi. Using the time.txt-derived value -- see docs/VIPL_DATA_FORMAT.md Section 4.
VIPL_p81_v3_source1 ok fs=16.138 n=489 gt=73.8 (80 rows)
loadVIPLVideo: WARNING -- container FrameRate (25 fps) disagrees with time.txt-derived FrameRate (16.1497 fps) by 35.401% for I:\EEE 3-1\EEE 312\project\dataset\seg24_scratch\VIPL-HR\p82\v3\source1\video.avi. Using the time.txt-derived value -- see docs/VIPL_DATA_FORMAT.md Section 4.
VIPL_p82_v3_source1 ok fs=16.150 n=479 gt=67.5 (81 rows)
loadVIPLVideo: WARNING -- container FrameRate (25 fps) disagrees with time.txt-derived FrameRate (19.2366 fps) by 23.0535% for I:\EEE 3-1\EEE 312\project\dataset\seg24_scratch\VIPL-HR\p83\v3\source1\video.avi. Using the time.txt-derived value -- see docs/VIPL_DATA_FORMAT.md Section 4.
Frame 346: face detector found nothing, reusing last known bounding box.
Frame 366: face detector found nothing, reusing last known bounding box.
VIPL_p83_v3_source1 ok fs=19.237 n=632 gt=78.4 (82 rows)
loadVIPLVideo: WARNING -- container FrameRate (25 fps) disagrees with time.txt-derived FrameRate (16.1369 fps) by 35.4523% for I:\EEE 3-1\EEE 312\project\dataset\seg24_scratch\VIPL-HR\p84\v3\source1\video.avi. Using the time.txt-derived value -- see docs/VIPL_DATA_FORMAT.md Section 4.
VIPL_p84_v3_source1 ok fs=16.137 n=528 gt=73.5 (83 rows)
loadVIPLVideo: WARNING -- container FrameRate (25 fps) disagrees with time.txt-derived FrameRate (16.1341 fps) by 35.4637% for I:\EEE 3-1\EEE 312\project\dataset\seg24_scratch\VIPL-HR\p85\v3\source1\video.avi. Using the time.txt-derived value -- see docs/VIPL_DATA_FORMAT.md Section 4.
Frame 1: face detector found nothing, reusing last known bounding box.
Frame 1: no bounding box available yet, using centered fallback box.
Frame 2: no bounding box available yet, using centered fallback box.
Frame 3: no bounding box available yet, using centered fallback box.
Frame 4: no bounding box available yet, using centered fallback box.
Frame 5: no bounding box available yet, using centered fallback box.
Frame 6: face detector found nothing, reusing last known bounding box.
Frame 6: no bounding box available yet, using centered fallback box.
Frame 7: no bounding box available yet, using centered fallback box.
Frame 8: no bounding box available yet, using centered fallback box.
Frame 9: no bounding box available yet, using centered fallback box.
Frame 10: no bounding box available yet, using centered fallback box.
Frame 11: face detector found nothing, reusing last known bounding box.
Frame 11: no bounding box available yet, using centered fallback box.
Frame 12: no bounding box available yet, using centered fallback box.
Frame 13: no bounding box available yet, using centered fallback box.
Frame 14: no bounding box available yet, using centered fallback box.
Frame 15: no bounding box available yet, using centered fallback box.
Frame 16: face detector found nothing, reusing last known bounding box.
Frame 16: no bounding box available yet, using centered fallback box.
Frame 17: no bounding box available yet, using centered fallback box.
Frame 18: no bounding box available yet, using centered fallback box.
Frame 19: no bounding box available yet, using centered fallback box.
Frame 20: no bounding box available yet, using centered fallback box.
Frame 21: face detector found nothing, reusing last known bounding box.
Frame 21: no bounding box available yet, using centered fallback box.
Frame 22: no bounding box available yet, using centered fallback box.
Frame 23: no bounding box available yet, using centered fallback box.
Frame 24: no bounding box available yet, using centered fallback box.
Frame 25: no bounding box available yet, using centered fallback box.
Frame 26: face detector found nothing, reusing last known bounding box.
Frame 26: no bounding box available yet, using centered fallback box.
Frame 27: no bounding box available yet, using centered fallback box.
Frame 28: no bounding box available yet, using centered fallback box.
Frame 29: no bounding box available yet, using centered fallback box.
Frame 30: no bounding box available yet, using centered fallback box.
Frame 31: face detector found nothing, reusing last known bounding box.
Frame 31: no bounding box available yet, using centered fallback box.
Frame 32: no bounding box available yet, using centered fallback box.
Frame 33: no bounding box available yet, using centered fallback box.
Frame 34: no bounding box available yet, using centered fallback box.
Frame 35: no bounding box available yet, using centered fallback box.
Frame 36: face detector found nothing, reusing last known bounding box.
Frame 36: no bounding box available yet, using centered fallback box.
Frame 37: no bounding box available yet, using centered fallback box.
Frame 38: no bounding box available yet, using centered fallback box.
Frame 39: no bounding box available yet, using centered fallback box.
Frame 40: no bounding box available yet, using centered fallback box.
Frame 41: face detector found nothing, reusing last known bounding box.
Frame 41: no bounding box available yet, using centered fallback box.
Frame 42: no bounding box available yet, using centered fallback box.
Frame 43: no bounding box available yet, using centered fallback box.
Frame 44: no bounding box available yet, using centered fallback box.
Frame 45: no bounding box available yet, using centered fallback box.
Frame 46: face detector found nothing, reusing last known bounding box.
Frame 46: no bounding box available yet, using centered fallback box.
Frame 47: no bounding box available yet, using centered fallback box.
Frame 48: no bounding box available yet, using centered fallback box.
Frame 49: no bounding box available yet, using centered fallback box.
Frame 50: no bounding box available yet, using centered fallback box.
Frame 51: face detector found nothing, reusing last known bounding box.
Frame 51: no bounding box available yet, using centered fallback box.
Frame 52: no bounding box available yet, using centered fallback box.
Frame 53: no bounding box available yet, using centered fallback box.
Frame 54: no bounding box available yet, using centered fallback box.
Frame 55: no bounding box available yet, using centered fallback box.
Frame 56: face detector found nothing, reusing last known bounding box.
Frame 56: no bounding box available yet, using centered fallback box.
Frame 57: no bounding box available yet, using centered fallback box.
Frame 58: no bounding box available yet, using centered fallback box.
Frame 59: no bounding box available yet, using centered fallback box.
Frame 60: no bounding box available yet, using centered fallback box.
Frame 61: face detector found nothing, reusing last known bounding box.
Frame 61: no bounding box available yet, using centered fallback box.
Frame 62: no bounding box available yet, using centered fallback box.
Frame 63: no bounding box available yet, using centered fallback box.
Frame 64: no bounding box available yet, using centered fallback box.
Frame 65: no bounding box available yet, using centered fallback box.
Frame 66: face detector found nothing, reusing last known bounding box.
Frame 66: no bounding box available yet, using centered fallback box.
Frame 67: no bounding box available yet, using centered fallback box.
Frame 68: no bounding box available yet, using centered fallback box.
Frame 69: no bounding box available yet, using centered fallback box.
Frame 70: no bounding box available yet, using centered fallback box.
Frame 71: face detector found nothing, reusing last known bounding box.
Frame 71: no bounding box available yet, using centered fallback box.
Frame 72: no bounding box available yet, using centered fallback box.
Frame 73: no bounding box available yet, using centered fallback box.
Frame 74: no bounding box available yet, using centered fallback box.
Frame 75: no bounding box available yet, using centered fallback box.
Frame 76: face detector found nothing, reusing last known bounding box.
Frame 76: no bounding box available yet, using centered fallback box.
Frame 77: no bounding box available yet, using centered fallback box.
Frame 78: no bounding box available yet, using centered fallback box.
Frame 79: no bounding box available yet, using centered fallback box.
Frame 80: no bounding box available yet, using centered fallback box.
Frame 81: face detector found nothing, reusing last known bounding box.
Frame 81: no bounding box available yet, using centered fallback box.
Frame 82: no bounding box available yet, using centered fallback box.
Frame 83: no bounding box available yet, using centered fallback box.
Frame 84: no bounding box available yet, using centered fallback box.
Frame 85: no bounding box available yet, using centered fallback box.
Frame 86: face detector found nothing, reusing last known bounding box.
Frame 86: no bounding box available yet, using centered fallback box.
Frame 87: no bounding box available yet, using centered fallback box.
Frame 88: no bounding box available yet, using centered fallback box.
Frame 89: no bounding box available yet, using centered fallback box.
Frame 90: no bounding box available yet, using centered fallback box.
Frame 91: face detector found nothing, reusing last known bounding box.
Frame 91: no bounding box available yet, using centered fallback box.
Frame 92: no bounding box available yet, using centered fallback box.
Frame 93: no bounding box available yet, using centered fallback box.
Frame 94: no bounding box available yet, using centered fallback box.
Frame 95: no bounding box available yet, using centered fallback box.
Frame 96: face detector found nothing, reusing last known bounding box.
Frame 96: no bounding box available yet, using centered fallback box.
Frame 97: no bounding box available yet, using centered fallback box.
Frame 98: no bounding box available yet, using centered fallback box.
Frame 99: no bounding box available yet, using centered fallback box.
Frame 100: no bounding box available yet, using centered fallback box.
Frame 101: face detector found nothing, reusing last known bounding box.
Frame 101: no bounding box available yet, using centered fallback box.
Frame 102: no bounding box available yet, using centered fallback box.
Frame 103: no bounding box available yet, using centered fallback box.
Frame 104: no bounding box available yet, using centered fallback box.
Frame 105: no bounding box available yet, using centered fallback box.
Frame 106: face detector found nothing, reusing last known bounding box.
Frame 106: no bounding box available yet, using centered fallback box.
Frame 107: no bounding box available yet, using centered fallback box.
Frame 108: no bounding box available yet, using centered fallback box.
Frame 109: no bounding box available yet, using centered fallback box.
Frame 110: no bounding box available yet, using centered fallback box.
Frame 111: face detector found nothing, reusing last known bounding box.
Frame 111: no bounding box available yet, using centered fallback box.
Frame 112: no bounding box available yet, using centered fallback box.
Frame 113: no bounding box available yet, using centered fallback box.
Frame 114: no bounding box available yet, using centered fallback box.
Frame 115: no bounding box available yet, using centered fallback box.
Frame 116: face detector found nothing, reusing last known bounding box.
Frame 116: no bounding box available yet, using centered fallback box.
Frame 117: no bounding box available yet, using centered fallback box.
Frame 118: no bounding box available yet, using centered fallback box.
Frame 119: no bounding box available yet, using centered fallback box.
Frame 120: no bounding box available yet, using centered fallback box.
Frame 121: face detector found nothing, reusing last known bounding box.
Frame 121: no bounding box available yet, using centered fallback box.
Frame 122: no bounding box available yet, using centered fallback box.
Frame 123: no bounding box available yet, using centered fallback box.
Frame 124: no bounding box available yet, using centered fallback box.
Frame 125: no bounding box available yet, using centered fallback box.
Frame 126: face detector found nothing, reusing last known bounding box.
Frame 126: no bounding box available yet, using centered fallback box.
Frame 127: no bounding box available yet, using centered fallback box.
Frame 128: no bounding box available yet, using centered fallback box.
Frame 129: no bounding box available yet, using centered fallback box.
Frame 130: no bounding box available yet, using centered fallback box.
Frame 131: face detector found nothing, reusing last known bounding box.
Frame 131: no bounding box available yet, using centered fallback box.
Frame 132: no bounding box available yet, using centered fallback box.
Frame 133: no bounding box available yet, using centered fallback box.
Frame 134: no bounding box available yet, using centered fallback box.
Frame 135: no bounding box available yet, using centered fallback box.
Frame 136: face detector found nothing, reusing last known bounding box.
Frame 136: no bounding box available yet, using centered fallback box.
Frame 137: no bounding box available yet, using centered fallback box.
Frame 138: no bounding box available yet, using centered fallback box.
Frame 139: no bounding box available yet, using centered fallback box.
Frame 140: no bounding box available yet, using centered fallback box.
Frame 141: face detector found nothing, reusing last known bounding box.
Frame 141: no bounding box available yet, using centered fallback box.
Frame 142: no bounding box available yet, using centered fallback box.
Frame 143: no bounding box available yet, using centered fallback box.
Frame 144: no bounding box available yet, using centered fallback box.
Frame 145: no bounding box available yet, using centered fallback box.
Frame 146: face detector found nothing, reusing last known bounding box.
Frame 146: no bounding box available yet, using centered fallback box.
Frame 147: no bounding box available yet, using centered fallback box.
Frame 148: no bounding box available yet, using centered fallback box.
Frame 149: no bounding box available yet, using centered fallback box.
Frame 150: no bounding box available yet, using centered fallback box.
Frame 151: face detector found nothing, reusing last known bounding box.
Frame 151: no bounding box available yet, using centered fallback box.
Frame 152: no bounding box available yet, using centered fallback box.
Frame 153: no bounding box available yet, using centered fallback box.
Frame 154: no bounding box available yet, using centered fallback box.
Frame 155: no bounding box available yet, using centered fallback box.
Frame 156: face detector found nothing, reusing last known bounding box.
Frame 156: no bounding box available yet, using centered fallback box.
Frame 157: no bounding box available yet, using centered fallback box.
Frame 158: no bounding box available yet, using centered fallback box.
Frame 159: no bounding box available yet, using centered fallback box.
Frame 160: no bounding box available yet, using centered fallback box.
Frame 161: face detector found nothing, reusing last known bounding box.
Frame 161: no bounding box available yet, using centered fallback box.
Frame 162: no bounding box available yet, using centered fallback box.
Frame 163: no bounding box available yet, using centered fallback box.
Frame 164: no bounding box available yet, using centered fallback box.
Frame 165: no bounding box available yet, using centered fallback box.
Frame 166: face detector found nothing, reusing last known bounding box.
Frame 166: no bounding box available yet, using centered fallback box.
Frame 167: no bounding box available yet, using centered fallback box.
Frame 168: no bounding box available yet, using centered fallback box.
Frame 169: no bounding box available yet, using centered fallback box.
Frame 170: no bounding box available yet, using centered fallback box.
Frame 171: face detector found nothing, reusing last known bounding box.
Frame 171: no bounding box available yet, using centered fallback box.
Frame 172: no bounding box available yet, using centered fallback box.
Frame 173: no bounding box available yet, using centered fallback box.
Frame 174: no bounding box available yet, using centered fallback box.
Frame 175: no bounding box available yet, using centered fallback box.
Frame 176: face detector found nothing, reusing last known bounding box.
Frame 176: no bounding box available yet, using centered fallback box.
Frame 177: no bounding box available yet, using centered fallback box.
Frame 178: no bounding box available yet, using centered fallback box.
Frame 179: no bounding box available yet, using centered fallback box.
Frame 180: no bounding box available yet, using centered fallback box.
Frame 181: face detector found nothing, reusing last known bounding box.
Frame 181: no bounding box available yet, using centered fallback box.
Frame 182: no bounding box available yet, using centered fallback box.
Frame 183: no bounding box available yet, using centered fallback box.
Frame 184: no bounding box available yet, using centered fallback box.
Frame 185: no bounding box available yet, using centered fallback box.
Frame 186: face detector found nothing, reusing last known bounding box.
Frame 186: no bounding box available yet, using centered fallback box.
Frame 187: no bounding box available yet, using centered fallback box.
Frame 188: no bounding box available yet, using centered fallback box.
Frame 189: no bounding box available yet, using centered fallback box.
Frame 190: no bounding box available yet, using centered fallback box.
Frame 191: face detector found nothing, reusing last known bounding box.
Frame 191: no bounding box available yet, using centered fallback box.
Frame 192: no bounding box available yet, using centered fallback box.
Frame 193: no bounding box available yet, using centered fallback box.
Frame 194: no bounding box available yet, using centered fallback box.
Frame 195: no bounding box available yet, using centered fallback box.
Frame 196: face detector found nothing, reusing last known bounding box.
Frame 196: no bounding box available yet, using centered fallback box.
Frame 197: no bounding box available yet, using centered fallback box.
Frame 198: no bounding box available yet, using centered fallback box.
Frame 199: no bounding box available yet, using centered fallback box.
Frame 200: no bounding box available yet, using centered fallback box.
Frame 201: face detector found nothing, reusing last known bounding box.
Frame 201: no bounding box available yet, using centered fallback box.
Frame 202: no bounding box available yet, using centered fallback box.
Frame 203: no bounding box available yet, using centered fallback box.
Frame 204: no bounding box available yet, using centered fallback box.
Frame 205: no bounding box available yet, using centered fallback box.
Frame 206: face detector found nothing, reusing last known bounding box.
Frame 206: no bounding box available yet, using centered fallback box.
Frame 207: no bounding box available yet, using centered fallback box.
Frame 208: no bounding box available yet, using centered fallback box.
Frame 209: no bounding box available yet, using centered fallback box.
Frame 210: no bounding box available yet, using centered fallback box.
Frame 211: face detector found nothing, reusing last known bounding box.
Frame 211: no bounding box available yet, using centered fallback box.
Frame 212: no bounding box available yet, using centered fallback box.
Frame 213: no bounding box available yet, using centered fallback box.
Frame 214: no bounding box available yet, using centered fallback box.
Frame 215: no bounding box available yet, using centered fallback box.
Frame 216: face detector found nothing, reusing last known bounding box.
Frame 216: no bounding box available yet, using centered fallback box.
Frame 217: no bounding box available yet, using centered fallback box.
Frame 218: no bounding box available yet, using centered fallback box.
Frame 219: no bounding box available yet, using centered fallback box.
Frame 220: no bounding box available yet, using centered fallback box.
Frame 221: face detector found nothing, reusing last known bounding box.
Frame 221: no bounding box available yet, using centered fallback box.
Frame 222: no bounding box available yet, using centered fallback box.
Frame 223: no bounding box available yet, using centered fallback box.
Frame 224: no bounding box available yet, using centered fallback box.
Frame 225: no bounding box available yet, using centered fallback box.
Frame 226: face detector found nothing, reusing last known bounding box.
Frame 226: no bounding box available yet, using centered fallback box.
Frame 227: no bounding box available yet, using centered fallback box.
Frame 228: no bounding box available yet, using centered fallback box.
Frame 229: no bounding box available yet, using centered fallback box.
Frame 230: no bounding box available yet, using centered fallback box.
Frame 231: face detector found nothing, reusing last known bounding box.
Frame 231: no bounding box available yet, using centered fallback box.
Frame 232: no bounding box available yet, using centered fallback box.
Frame 233: no bounding box available yet, using centered fallback box.
Frame 234: no bounding box available yet, using centered fallback box.
Frame 235: no bounding box available yet, using centered fallback box.
Frame 236: face detector found nothing, reusing last known bounding box.
Frame 236: no bounding box available yet, using centered fallback box.
Frame 237: no bounding box available yet, using centered fallback box.
Frame 238: no bounding box available yet, using centered fallback box.
Frame 239: no bounding box available yet, using centered fallback box.
Frame 240: no bounding box available yet, using centered fallback box.
Frame 241: face detector found nothing, reusing last known bounding box.
Frame 241: no bounding box available yet, using centered fallback box.
Frame 242: no bounding box available yet, using centered fallback box.
Frame 243: no bounding box available yet, using centered fallback box.
Frame 244: no bounding box available yet, using centered fallback box.
Frame 245: no bounding box available yet, using centered fallback box.
Frame 246: face detector found nothing, reusing last known bounding box.
Frame 246: no bounding box available yet, using centered fallback box.
Frame 247: no bounding box available yet, using centered fallback box.
Frame 248: no bounding box available yet, using centered fallback box.
Frame 249: no bounding box available yet, using centered fallback box.
Frame 250: no bounding box available yet, using centered fallback box.
Frame 251: face detector found nothing, reusing last known bounding box.
Frame 251: no bounding box available yet, using centered fallback box.
Frame 252: no bounding box available yet, using centered fallback box.
Frame 253: no bounding box available yet, using centered fallback box.
Frame 254: no bounding box available yet, using centered fallback box.
Frame 255: no bounding box available yet, using centered fallback box.
Frame 256: face detector found nothing, reusing last known bounding box.
Frame 256: no bounding box available yet, using centered fallback box.
Frame 257: no bounding box available yet, using centered fallback box.
Frame 258: no bounding box available yet, using centered fallback box.
Frame 259: no bounding box available yet, using centered fallback box.
Frame 260: no bounding box available yet, using centered fallback box.
Frame 261: face detector found nothing, reusing last known bounding box.
Frame 261: no bounding box available yet, using centered fallback box.
Frame 262: no bounding box available yet, using centered fallback box.
Frame 263: no bounding box available yet, using centered fallback box.
Frame 264: no bounding box available yet, using centered fallback box.
Frame 265: no bounding box available yet, using centered fallback box.
Frame 266: face detector found nothing, reusing last known bounding box.
Frame 266: no bounding box available yet, using centered fallback box.
Frame 267: no bounding box available yet, using centered fallback box.
Frame 268: no bounding box available yet, using centered fallback box.
Frame 269: no bounding box available yet, using centered fallback box.
Frame 270: no bounding box available yet, using centered fallback box.
Frame 271: face detector found nothing, reusing last known bounding box.
Frame 271: no bounding box available yet, using centered fallback box.
Frame 272: no bounding box available yet, using centered fallback box.
Frame 273: no bounding box available yet, using centered fallback box.
Frame 274: no bounding box available yet, using centered fallback box.
Frame 275: no bounding box available yet, using centered fallback box.
Frame 276: face detector found nothing, reusing last known bounding box.
Frame 276: no bounding box available yet, using centered fallback box.
Frame 277: no bounding box available yet, using centered fallback box.
Frame 278: no bounding box available yet, using centered fallback box.
Frame 279: no bounding box available yet, using centered fallback box.
Frame 280: no bounding box available yet, using centered fallback box.
Frame 281: face detector found nothing, reusing last known bounding box.
Frame 281: no bounding box available yet, using centered fallback box.
Frame 282: no bounding box available yet, using centered fallback box.
Frame 283: no bounding box available yet, using centered fallback box.
Frame 284: no bounding box available yet, using centered fallback box.
Frame 285: no bounding box available yet, using centered fallback box.
Frame 286: face detector found nothing, reusing last known bounding box.
Frame 286: no bounding box available yet, using centered fallback box.
Frame 287: no bounding box available yet, using centered fallback box.
Frame 288: no bounding box available yet, using centered fallback box.
Frame 289: no bounding box available yet, using centered fallback box.
Frame 290: no bounding box available yet, using centered fallback box.
Frame 291: face detector found nothing, reusing last known bounding box.
Frame 291: no bounding box available yet, using centered fallback box.
Frame 292: no bounding box available yet, using centered fallback box.
Frame 293: no bounding box available yet, using centered fallback box.
Frame 294: no bounding box available yet, using centered fallback box.
Frame 295: no bounding box available yet, using centered fallback box.
Frame 296: face detector found nothing, reusing last known bounding box.
Frame 296: no bounding box available yet, using centered fallback box.
Frame 297: no bounding box available yet, using centered fallback box.
Frame 298: no bounding box available yet, using centered fallback box.
Frame 299: no bounding box available yet, using centered fallback box.
Frame 300: no bounding box available yet, using centered fallback box.
Frame 301: face detector found nothing, reusing last known bounding box.
Frame 301: no bounding box available yet, using centered fallback box.
Frame 302: no bounding box available yet, using centered fallback box.
Frame 303: no bounding box available yet, using centered fallback box.
Frame 304: no bounding box available yet, using centered fallback box.
Frame 305: no bounding box available yet, using centered fallback box.
Frame 306: face detector found nothing, reusing last known bounding box.
Frame 306: no bounding box available yet, using centered fallback box.
Frame 307: no bounding box available yet, using centered fallback box.
Frame 308: no bounding box available yet, using centered fallback box.
Frame 309: no bounding box available yet, using centered fallback box.
Frame 310: no bounding box available yet, using centered fallback box.
Frame 311: face detector found nothing, reusing last known bounding box.
Frame 311: no bounding box available yet, using centered fallback box.
Frame 312: no bounding box available yet, using centered fallback box.
Frame 313: no bounding box available yet, using centered fallback box.
Frame 314: no bounding box available yet, using centered fallback box.
Frame 315: no bounding box available yet, using centered fallback box.
Frame 316: face detector found nothing, reusing last known bounding box.
Frame 316: no bounding box available yet, using centered fallback box.
Frame 317: no bounding box available yet, using centered fallback box.
Frame 318: no bounding box available yet, using centered fallback box.
Frame 319: no bounding box available yet, using centered fallback box.
Frame 320: no bounding box available yet, using centered fallback box.
Frame 321: face detector found nothing, reusing last known bounding box.
Frame 321: no bounding box available yet, using centered fallback box.
Frame 322: no bounding box available yet, using centered fallback box.
Frame 323: no bounding box available yet, using centered fallback box.
Frame 324: no bounding box available yet, using centered fallback box.
Frame 325: no bounding box available yet, using centered fallback box.
Frame 331: face detector found nothing, reusing last known bounding box.
Frame 336: face detector found nothing, reusing last known bounding box.
Frame 341: face detector found nothing, reusing last known bounding box.
Frame 351: face detector found nothing, reusing last known bounding box.
Frame 356: face detector found nothing, reusing last known bounding box.
Frame 361: face detector found nothing, reusing last known bounding box.
Frame 366: face detector found nothing, reusing last known bounding box.
Frame 371: face detector found nothing, reusing last known bounding box.
Frame 376: face detector found nothing, reusing last known bounding box.
Frame 381: face detector found nothing, reusing last known bounding box.
Frame 386: face detector found nothing, reusing last known bounding box.
Frame 391: face detector found nothing, reusing last known bounding box.
Frame 396: face detector found nothing, reusing last known bounding box.
Frame 401: face detector found nothing, reusing last known bounding box.
Frame 406: face detector found nothing, reusing last known bounding box.
Frame 411: face detector found nothing, reusing last known bounding box.
Frame 416: face detector found nothing, reusing last known bounding box.
Frame 421: face detector found nothing, reusing last known bounding box.
Frame 426: face detector found nothing, reusing last known bounding box.
Frame 431: face detector found nothing, reusing last known bounding box.
Frame 436: face detector found nothing, reusing last known bounding box.
Frame 441: face detector found nothing, reusing last known bounding box.
Frame 446: face detector found nothing, reusing last known bounding box.
Frame 451: face detector found nothing, reusing last known bounding box.
Frame 456: face detector found nothing, reusing last known bounding box.
Frame 461: face detector found nothing, reusing last known bounding box.
Frame 466: face detector found nothing, reusing last known bounding box.
Frame 471: face detector found nothing, reusing last known bounding box.
Frame 476: face detector found nothing, reusing last known bounding box.
Frame 481: face detector found nothing, reusing last known bounding box.
Frame 486: face detector found nothing, reusing last known bounding box.
Frame 491: face detector found nothing, reusing last known bounding box.
Frame 496: face detector found nothing, reusing last known bounding box.
Frame 506: face detector found nothing, reusing last known bounding box.
Frame 516: face detector found nothing, reusing last known bounding box.
VIPL_p85_v3_source1 ok fs=16.134 n=516 gt=78.0 (84 rows)
loadVIPLVideo: WARNING -- container FrameRate (25 fps) disagrees with time.txt-derived FrameRate (16.1404 fps) by 35.4384% for I:\EEE 3-1\EEE 312\project\dataset\seg24_scratch\VIPL-HR\p86\v3\source1\video.avi. Using the time.txt-derived value -- see docs/VIPL_DATA_FORMAT.md Section 4.
Frame 11: face detector found nothing, reusing last known bounding box.
Frame 111: face detector found nothing, reusing last known bounding box.
Frame 131: face detector found nothing, reusing last known bounding box.
Frame 326: face detector found nothing, reusing last known bounding box.
Frame 331: face detector found nothing, reusing last known bounding box.
Frame 336: face detector found nothing, reusing last known bounding box.
Frame 341: face detector found nothing, reusing last known bounding box.
Frame 346: face detector found nothing, reusing last known bounding box.
Frame 351: face detector found nothing, reusing last known bounding box.
Frame 361: face detector found nothing, reusing last known bounding box.
Frame 366: face detector found nothing, reusing last known bounding box.
Frame 371: face detector found nothing, reusing last known bounding box.
Frame 451: face detector found nothing, reusing last known bounding box.
Frame 486: face detector found nothing, reusing last known bounding box.
Frame 516: face detector found nothing, reusing last known bounding box.
VIPL_p86_v3_source1 ok fs=16.140 n=596 gt=62.4 (85 rows)
loadVIPLVideo: WARNING -- container FrameRate (25 fps) disagrees with time.txt-derived FrameRate (16.1389 fps) by 35.4443% for I:\EEE 3-1\EEE 312\project\dataset\seg24_scratch\VIPL-HR\p87\v3\source1\video.avi. Using the time.txt-derived value -- see docs/VIPL_DATA_FORMAT.md Section 4.
VIPL_p87_v3_source1 ok fs=16.139 n=527 gt=96.9 (86 rows)
loadVIPLVideo: WARNING -- container FrameRate (25 fps) disagrees with time.txt-derived FrameRate (16.1374 fps) by 35.4503% for I:\EEE 3-1\EEE 312\project\dataset\seg24_scratch\VIPL-HR\p88\v3\source1\video.avi. Using the time.txt-derived value -- see docs/VIPL_DATA_FORMAT.md Section 4.
Frame 461: face detector found nothing, reusing last known bounding box.
Frame 496: face detector found nothing, reusing last known bounding box.
VIPL_p88_v3_source1 ok fs=16.137 n=497 gt=84.2 (87 rows)
loadVIPLVideo: WARNING -- container FrameRate (25 fps) disagrees with time.txt-derived FrameRate (16.1442 fps) by 35.4231% for I:\EEE 3-1\EEE 312\project\dataset\seg24_scratch\VIPL-HR\p89\v3\source1\video.avi. Using the time.txt-derived value -- see docs/VIPL_DATA_FORMAT.md Section 4.
VIPL_p89_v3_source1 ok fs=16.144 n=515 gt=83.7 (88 rows)
loadVIPLVideo: WARNING -- container FrameRate (25 fps) disagrees with time.txt-derived FrameRate (16.1396 fps) by 35.4417% for I:\EEE 3-1\EEE 312\project\dataset\seg24_scratch\VIPL-HR\p90\v3\source1\video.avi. Using the time.txt-derived value -- see docs/VIPL_DATA_FORMAT.md Section 4.
Frame 61: face detector found nothing, reusing last known bounding box.
Frame 106: face detector found nothing, reusing last known bounding box.
Frame 166: face detector found nothing, reusing last known bounding box.
Frame 171: face detector found nothing, reusing last known bounding box.
Frame 216: face detector found nothing, reusing last known bounding box.
Frame 256: face detector found nothing, reusing last known bounding box.
Frame 291: face detector found nothing, reusing last known bounding box.
Frame 321: face detector found nothing, reusing last known bounding box.
Frame 326: face detector found nothing, reusing last known bounding box.
Frame 331: face detector found nothing, reusing last known bounding box.
Frame 351: face detector found nothing, reusing last known bounding box.
Frame 361: face detector found nothing, reusing last known bounding box.
Frame 371: face detector found nothing, reusing last known bounding box.
Frame 386: face detector found nothing, reusing last known bounding box.
Frame 401: face detector found nothing, reusing last known bounding box.
Frame 411: face detector found nothing, reusing last known bounding box.
Frame 416: face detector found nothing, reusing last known bounding box.
Frame 421: face detector found nothing, reusing last known bounding box.
Frame 426: face detector found nothing, reusing last known bounding box.
Frame 461: face detector found nothing, reusing last known bounding box.
Frame 476: face detector found nothing, reusing last known bounding box.
Frame 481: face detector found nothing, reusing last known bounding box.
Frame 486: face detector found nothing, reusing last known bounding box.
VIPL_p90_v3_source1 ok fs=16.140 n=495 gt=88.8 (89 rows)
loadVIPLVideo: WARNING -- container FrameRate (25 fps) disagrees with time.txt-derived FrameRate (16.1386 fps) by 35.4457% for I:\EEE 3-1\EEE 312\project\dataset\seg24_scratch\VIPL-HR\p91\v3\source1\video.avi. Using the time.txt-derived value -- see docs/VIPL_DATA_FORMAT.md Section 4.
Frame 396: face detector found nothing, reusing last known bounding box.
Frame 401: face detector found nothing, reusing last known bounding box.
Frame 406: face detector found nothing, reusing last known bounding box.
VIPL_p91_v3_source1 ok fs=16.139 n=519 gt=75.5 (90 rows)
loadVIPLVideo: WARNING -- container FrameRate (25 fps) disagrees with time.txt-derived FrameRate (16.143 fps) by 35.4282% for I:\EEE 3-1\EEE 312\project\dataset\seg24_scratch\VIPL-HR\p92\v3\source1\video.avi. Using the time.txt-derived value -- see docs/VIPL_DATA_FORMAT.md Section 4.
VIPL_p92_v3_source1 ok fs=16.143 n=562 gt=89.4 (91 rows)
loadVIPLVideo: WARNING -- container FrameRate (25 fps) disagrees with time.txt-derived FrameRate (16.1432 fps) by 35.4273% for I:\EEE 3-1\EEE 312\project\dataset\seg24_scratch\VIPL-HR\p93\v3\source1\video.avi. Using the time.txt-derived value -- see docs/VIPL_DATA_FORMAT.md Section 4.
VIPL_p93_v3_source1 ok fs=16.143 n=553 gt=80.1 (92 rows)
loadVIPLVideo: WARNING -- container FrameRate (25 fps) disagrees with time.txt-derived FrameRate (16.1427 fps) by 35.4294% for I:\EEE 3-1\EEE 312\project\dataset\seg24_scratch\VIPL-HR\p94\v3\source1\video.avi. Using the time.txt-derived value -- see docs/VIPL_DATA_FORMAT.md Section 4.
VIPL_p94_v3_source1 ok fs=16.143 n=498 gt=73.5 (93 rows)
loadVIPLVideo: WARNING -- container FrameRate (25 fps) disagrees with time.txt-derived FrameRate (16.1349 fps) by 35.4605% for I:\EEE 3-1\EEE 312\project\dataset\seg24_scratch\VIPL-HR\p95\v3\source1\video.avi. Using the time.txt-derived value -- see docs/VIPL_DATA_FORMAT.md Section 4.
VIPL_p95_v3_source1 ok fs=16.135 n=491 gt=75.9 (94 rows)
loadVIPLVideo: WARNING -- container FrameRate (25 fps) disagrees with time.txt-derived FrameRate (16.136 fps) by 35.4562% for I:\EEE 3-1\EEE 312\project\dataset\seg24_scratch\VIPL-HR\p96\v3\source1\video.avi. Using the time.txt-derived value -- see docs/VIPL_DATA_FORMAT.md Section 4.
Frame 41: face detector found nothing, reusing last known bounding box.
Frame 86: face detector found nothing, reusing last known bounding box.
Frame 91: face detector found nothing, reusing last known bounding box.
Frame 96: face detector found nothing, reusing last known bounding box.
Frame 106: face detector found nothing, reusing last known bounding box.
Frame 151: face detector found nothing, reusing last known bounding box.
Frame 156: face detector found nothing, reusing last known bounding box.
Frame 161: face detector found nothing, reusing last known bounding box.
Frame 171: face detector found nothing, reusing last known bounding box.
Frame 176: face detector found nothing, reusing last known bounding box.
Frame 181: face detector found nothing, reusing last known bounding box.
Frame 186: face detector found nothing, reusing last known bounding box.
Frame 191: face detector found nothing, reusing last known bounding box.
Frame 201: face detector found nothing, reusing last known bounding box.
Frame 206: face detector found nothing, reusing last known bounding box.
Frame 226: face detector found nothing, reusing last known bounding box.
Frame 231: face detector found nothing, reusing last known bounding box.
Frame 236: face detector found nothing, reusing last known bounding box.
Frame 241: face detector found nothing, reusing last known bounding box.
Frame 246: face detector found nothing, reusing last known bounding box.
Frame 256: face detector found nothing, reusing last known bounding box.
Frame 261: face detector found nothing, reusing last known bounding box.
Frame 266: face detector found nothing, reusing last known bounding box.
Frame 271: face detector found nothing, reusing last known bounding box.
Frame 276: face detector found nothing, reusing last known bounding box.
Frame 286: face detector found nothing, reusing last known bounding box.
Frame 291: face detector found nothing, reusing last known bounding box.
Frame 316: face detector found nothing, reusing last known bounding box.
Frame 336: face detector found nothing, reusing last known bounding box.
Frame 341: face detector found nothing, reusing last known bounding box.
Frame 351: face detector found nothing, reusing last known bounding box.
Frame 386: face detector found nothing, reusing last known bounding box.
Frame 391: face detector found nothing, reusing last known bounding box.
Frame 396: face detector found nothing, reusing last known bounding box.
Frame 406: face detector found nothing, reusing last known bounding box.
Frame 416: face detector found nothing, reusing last known bounding box.
Frame 426: face detector found nothing, reusing last known bounding box.
Frame 431: face detector found nothing, reusing last known bounding box.
Frame 436: face detector found nothing, reusing last known bounding box.
Frame 441: face detector found nothing, reusing last known bounding box.
Frame 446: face detector found nothing, reusing last known bounding box.
Frame 451: face detector found nothing, reusing last known bounding box.
Frame 456: face detector found nothing, reusing last known bounding box.
Frame 471: face detector found nothing, reusing last known bounding box.
Frame 476: face detector found nothing, reusing last known bounding box.
Frame 481: face detector found nothing, reusing last known bounding box.
Frame 486: face detector found nothing, reusing last known bounding box.
VIPL_p96_v3_source1 ok fs=16.136 n=490 gt=67.9 (95 rows)
loadVIPLVideo: WARNING -- container FrameRate (25 fps) disagrees with time.txt-derived FrameRate (16.6386 fps) by 33.4457% for I:\EEE 3-1\EEE 312\project\dataset\seg24_scratch\VIPL-HR\p1\v5\source1\video.avi. Using the time.txt-derived value -- see docs/VIPL_DATA_FORMAT.md Section 4.
VIPL_p1_v5_source1 ok fs=16.639 n=465 gt=69.4 (96 rows)
Frame 146: face detector found nothing, reusing last known bounding box.
Frame 151: face detector found nothing, reusing last known bounding box.
Frame 156: face detector found nothing, reusing last known bounding box.
Frame 161: face detector found nothing, reusing last known bounding box.
Frame 166: face detector found nothing, reusing last known bounding box.
Frame 171: face detector found nothing, reusing last known bounding box.
Frame 176: face detector found nothing, reusing last known bounding box.
Frame 181: face detector found nothing, reusing last known bounding box.
Frame 186: face detector found nothing, reusing last known bounding box.
Frame 191: face detector found nothing, reusing last known bounding box.
Frame 196: face detector found nothing, reusing last known bounding box.
Frame 201: face detector found nothing, reusing last known bounding box.
Frame 206: face detector found nothing, reusing last known bounding box.
Frame 211: face detector found nothing, reusing last known bounding box.
Frame 216: face detector found nothing, reusing last known bounding box.
Frame 221: face detector found nothing, reusing last known bounding box.
Frame 226: face detector found nothing, reusing last known bounding box.
VIPL_p2_v5_source1 ok fs=24.861 n=672 gt=92.7 (97 rows)
loadVIPLVideo: WARNING -- container FrameRate (25 fps) disagrees with time.txt-derived FrameRate (16.6623 fps) by 33.351% for I:\EEE 3-1\EEE 312\project\dataset\seg24_scratch\VIPL-HR\p3\v5\source1\video.avi. Using the time.txt-derived value -- see docs/VIPL_DATA_FORMAT.md Section 4.
Frame 11: face detector found nothing, reusing last known bounding box.
Frame 21: face detector found nothing, reusing last known bounding box.
Frame 26: face detector found nothing, reusing last known bounding box.
Frame 31: face detector found nothing, reusing last known bounding box.
Frame 36: face detector found nothing, reusing last known bounding box.
Frame 41: face detector found nothing, reusing last known bounding box.
Frame 46: face detector found nothing, reusing last known bounding box.
Frame 51: face detector found nothing, reusing last known bounding box.
Frame 61: face detector found nothing, reusing last known bounding box.
Frame 66: face detector found nothing, reusing last known bounding box.
Frame 71: face detector found nothing, reusing last known bounding box.
Frame 76: face detector found nothing, reusing last known bounding box.
Frame 81: face detector found nothing, reusing last known bounding box.
Frame 91: face detector found nothing, reusing last known bounding box.
Frame 96: face detector found nothing, reusing last known bounding box.
Frame 191: face detector found nothing, reusing last known bounding box.
Frame 196: face detector found nothing, reusing last known bounding box.
Frame 201: face detector found nothing, reusing last known bounding box.
Frame 206: face detector found nothing, reusing last known bounding box.
Frame 316: face detector found nothing, reusing last known bounding box.
VIPL_p3_v5_source1 ok fs=16.662 n=316 gt=84.2 (98 rows)
loadVIPLVideo: WARNING -- container FrameRate (25 fps) disagrees with time.txt-derived FrameRate (16.6422 fps) by 33.4311% for I:\EEE 3-1\EEE 312\project\dataset\seg24_scratch\VIPL-HR\p4\v5\source1\video.avi. Using the time.txt-derived value -- see docs/VIPL_DATA_FORMAT.md Section 4.
VIPL_p4_v5_source1 ok fs=16.642 n=455 gt=69.0 (99 rows)
loadVIPLVideo: WARNING -- container FrameRate (25 fps) disagrees with time.txt-derived FrameRate (16.642 fps) by 33.4321% for I:\EEE 3-1\EEE 312\project\dataset\seg24_scratch\VIPL-HR\p5\v5\source1\video.avi. Using the time.txt-derived value -- see docs/VIPL_DATA_FORMAT.md Section 4.
VIPL_p5_v5_source1 ok fs=16.642 n=394 gt=80.0 (100 rows)
loadVIPLVideo: WARNING -- container FrameRate (25 fps) disagrees with time.txt-derived FrameRate (16.138 fps) by 35.4482% for I:\EEE 3-1\EEE 312\project\dataset\seg24_scratch\VIPL-HR\p6\v5\source1\video.avi. Using the time.txt-derived value -- see docs/VIPL_DATA_FORMAT.md Section 4.
VIPL_p6_v5_source1 ok fs=16.138 n=497 gt=75.8 (101 rows)
loadVIPLVideo: WARNING -- container FrameRate (25 fps) disagrees with time.txt-derived FrameRate (16.134 fps) by 35.4641% for I:\EEE 3-1\EEE 312\project\dataset\seg24_scratch\VIPL-HR\p7\v5\source1\video.avi. Using the time.txt-derived value -- see docs/VIPL_DATA_FORMAT.md Section 4.
VIPL_p7_v5_source1 ok fs=16.134 n=476 gt=82.1 (102 rows)
loadVIPLVideo: WARNING -- container FrameRate (25 fps) disagrees with time.txt-derived FrameRate (16.1417 fps) by 35.4331% for I:\EEE 3-1\EEE 312\project\dataset\seg24_scratch\VIPL-HR\p8\v5\source1\video.avi. Using the time.txt-derived value -- see docs/VIPL_DATA_FORMAT.md Section 4.
VIPL_p8_v5_source1 ok fs=16.142 n=493 gt=88.9 (103 rows)
loadVIPLVideo: WARNING -- container FrameRate (25 fps) disagrees with time.txt-derived FrameRate (16.1053 fps) by 35.5789% for I:\EEE 3-1\EEE 312\project\dataset\seg24_scratch\VIPL-HR\p9\v5\source1\video.avi. Using the time.txt-derived value -- see docs/VIPL_DATA_FORMAT.md Section 4.
VIPL_p9_v5_source1 ok fs=16.105 n=537 gt=93.8 (104 rows)
loadVIPLVideo: WARNING -- container FrameRate (25 fps) disagrees with time.txt-derived FrameRate (16.1342 fps) by 35.463% for I:\EEE 3-1\EEE 312\project\dataset\seg24_scratch\VIPL-HR\p10\v5\source1\video.avi. Using the time.txt-derived value -- see docs/VIPL_DATA_FORMAT.md Section 4.
VIPL_p10_v5_source1 ok fs=16.134 n=500 gt=78.3 (105 rows)
loadVIPLVideo: WARNING -- container FrameRate (25 fps) disagrees with time.txt-derived FrameRate (16.6527 fps) by 33.3892% for I:\EEE 3-1\EEE 312\project\dataset\seg24_scratch\VIPL-HR\p11\v5\source1\video.avi. Using the time.txt-derived value -- see docs/VIPL_DATA_FORMAT.md Section 4.
Frame 171: face detector found nothing, reusing last known bounding box.
Frame 191: face detector found nothing, reusing last known bounding box.
Frame 201: face detector found nothing, reusing last known bounding box.
Frame 206: face detector found nothing, reusing last known bounding box.
Frame 211: face detector found nothing, reusing last known bounding box.
VIPL_p11_v5_source1 ok fs=16.653 n=418 gt=65.0 (106 rows)
VIPL_p12_v5_source1 ok fs=24.929 n=776 gt=60.5 (107 rows)
loadVIPLVideo: WARNING -- container FrameRate (25 fps) disagrees with time.txt-derived FrameRate (16.6072 fps) by 33.5712% for I:\EEE 3-1\EEE 312\project\dataset\seg24_scratch\VIPL-HR\p13\v5\source1\video.avi. Using the time.txt-derived value -- see docs/VIPL_DATA_FORMAT.md Section 4.
VIPL_p13_v5_source1 ok fs=16.607 n=499 gt=68.8 (108 rows)
loadVIPLVideo: WARNING -- container FrameRate (25 fps) disagrees with time.txt-derived FrameRate (16.6405 fps) by 33.4382% for I:\EEE 3-1\EEE 312\project\dataset\seg24_scratch\VIPL-HR\p14\v5\source1\video.avi. Using the time.txt-derived value -- see docs/VIPL_DATA_FORMAT.md Section 4.
VIPL_p14_v5_source1 ok fs=16.640 n=509 gt=89.4 (109 rows)
loadVIPLVideo: WARNING -- container FrameRate (25 fps) disagrees with time.txt-derived FrameRate (16.6378 fps) by 33.4488% for I:\EEE 3-1\EEE 312\project\dataset\seg24_scratch\VIPL-HR\p15\v5\source1\video.avi. Using the time.txt-derived value -- see docs/VIPL_DATA_FORMAT.md Section 4.
VIPL_p15_v5_source1 ok fs=16.638 n=510 gt=62.5 (110 rows)
loadVIPLVideo: WARNING -- container FrameRate (25 fps) disagrees with time.txt-derived FrameRate (16.6414 fps) by 33.4344% for I:\EEE 3-1\EEE 312\project\dataset\seg24_scratch\VIPL-HR\p16\v5\source1\video.avi. Using the time.txt-derived value -- see docs/VIPL_DATA_FORMAT.md Section 4.
VIPL_p16_v5_source1 ok fs=16.641 n=517 gt=83.6 (111 rows)
loadVIPLVideo: WARNING -- container FrameRate (25 fps) disagrees with time.txt-derived FrameRate (16.6392 fps) by 33.4433% for I:\EEE 3-1\EEE 312\project\dataset\seg24_scratch\VIPL-HR\p17\v5\source1\video.avi. Using the time.txt-derived value -- see docs/VIPL_DATA_FORMAT.md Section 4.
VIPL_p17_v5_source1 ok fs=16.639 n=485 gt=68.0 (112 rows)
VIPL_p18_v5_source1 ok fs=24.926 n=750 gt=75.5 (113 rows)
loadVIPLVideo: WARNING -- container FrameRate (25 fps) disagrees with time.txt-derived FrameRate (16.6465 fps) by 33.414% for I:\EEE 3-1\EEE 312\project\dataset\seg24_scratch\VIPL-HR\p19\v5\source1\video.avi. Using the time.txt-derived value -- see docs/VIPL_DATA_FORMAT.md Section 4.
VIPL_p19_v5_source1 ok fs=16.646 n=551 gt=87.4 (114 rows)
loadVIPLVideo: WARNING -- container FrameRate (25 fps) disagrees with time.txt-derived FrameRate (16.1352 fps) by 35.4592% for I:\EEE 3-1\EEE 312\project\dataset\seg24_scratch\VIPL-HR\p20\v5\source1\video.avi. Using the time.txt-derived value -- see docs/VIPL_DATA_FORMAT.md Section 4.
VIPL_p20_v5_source1 ok fs=16.135 n=507 gt=58.3 (115 rows)
loadVIPLVideo: WARNING -- container FrameRate (25 fps) disagrees with time.txt-derived FrameRate (16.1394 fps) by 35.4423% for I:\EEE 3-1\EEE 312\project\dataset\seg24_scratch\VIPL-HR\p21\v5\source1\video.avi. Using the time.txt-derived value -- see docs/VIPL_DATA_FORMAT.md Section 4.
VIPL_p21_v5_source1 ok fs=16.139 n=502 gt=76.2 (116 rows)
loadVIPLVideo: WARNING -- container FrameRate (25 fps) disagrees with time.txt-derived FrameRate (16.138 fps) by 35.4481% for I:\EEE 3-1\EEE 312\project\dataset\seg24_scratch\VIPL-HR\p22\v5\source1\video.avi. Using the time.txt-derived value -- see docs/VIPL_DATA_FORMAT.md Section 4.
VIPL_p22_v5_source1 ok fs=16.138 n=496 gt=56.6 (117 rows)
loadVIPLVideo: WARNING -- container FrameRate (25 fps) disagrees with time.txt-derived FrameRate (16.071 fps) by 35.7159% for I:\EEE 3-1\EEE 312\project\dataset\seg24_scratch\VIPL-HR\p23\v5\source1\video.avi. Using the time.txt-derived value -- see docs/VIPL_DATA_FORMAT.md Section 4.
Frame 366: face detector found nothing, reusing last known bounding box.
VIPL_p23_v5_source1 ok fs=16.071 n=488 gt=65.0 (118 rows)
loadVIPLVideo: WARNING -- container FrameRate (25 fps) disagrees with time.txt-derived FrameRate (16.1406 fps) by 35.4374% for I:\EEE 3-1\EEE 312\project\dataset\seg24_scratch\VIPL-HR\p24\v5\source1\video.avi. Using the time.txt-derived value -- see docs/VIPL_DATA_FORMAT.md Section 4.
VIPL_p24_v5_source1 ok fs=16.141 n=494 gt=94.4 (119 rows)
loadVIPLVideo: WARNING -- container FrameRate (25 fps) disagrees with time.txt-derived FrameRate (16.1352 fps) by 35.4591% for I:\EEE 3-1\EEE 312\project\dataset\seg24_scratch\VIPL-HR\p25\v5\source1\video.avi. Using the time.txt-derived value -- see docs/VIPL_DATA_FORMAT.md Section 4.
VIPL_p25_v5_source1 ok fs=16.135 n=506 gt=66.0 (120 rows)
loadVIPLVideo: WARNING -- container FrameRate (25 fps) disagrees with time.txt-derived FrameRate (16.1438 fps) by 35.4248% for I:\EEE 3-1\EEE 312\project\dataset\seg24_scratch\VIPL-HR\p26\v5\source1\video.avi. Using the time.txt-derived value -- see docs/VIPL_DATA_FORMAT.md Section 4.
VIPL_p26_v5_source1 ok fs=16.144 n=530 gt=79.8 (121 rows)
loadVIPLVideo: WARNING -- container FrameRate (25 fps) disagrees with time.txt-derived FrameRate (16.1453 fps) by 35.4189% for I:\EEE 3-1\EEE 312\project\dataset\seg24_scratch\VIPL-HR\p27\v5\source1\video.avi. Using the time.txt-derived value -- see docs/VIPL_DATA_FORMAT.md Section 4.
VIPL_p27_v5_source1 ok fs=16.145 n=498 gt=77.1 (122 rows)
loadVIPLVideo: WARNING -- container FrameRate (25 fps) disagrees with time.txt-derived FrameRate (16.1417 fps) by 35.4332% for I:\EEE 3-1\EEE 312\project\dataset\seg24_scratch\VIPL-HR\p28\v5\source1\video.avi. Using the time.txt-derived value -- see docs/VIPL_DATA_FORMAT.md Section 4.
VIPL_p28_v5_source1 ok fs=16.142 n=494 gt=83.6 (123 rows)
loadVIPLVideo: WARNING -- container FrameRate (25 fps) disagrees with time.txt-derived FrameRate (16.1466 fps) by 35.4134% for I:\EEE 3-1\EEE 312\project\dataset\seg24_scratch\VIPL-HR\p29\v5\source1\video.avi. Using the time.txt-derived value -- see docs/VIPL_DATA_FORMAT.md Section 4.
Frame 1: face detector found nothing, reusing last known bounding box.
Frame 1: no bounding box available yet, using centered fallback box.
Frame 2: no bounding box available yet, using centered fallback box.
Frame 3: no bounding box available yet, using centered fallback box.
Frame 4: no bounding box available yet, using centered fallback box.
Frame 5: no bounding box available yet, using centered fallback box.
Frame 16: face detector found nothing, reusing last known bounding box.
Frame 41: face detector found nothing, reusing last known bounding box.
Frame 66: face detector found nothing, reusing last known bounding box.
Frame 71: face detector found nothing, reusing last known bounding box.
Frame 76: face detector found nothing, reusing last known bounding box.
Frame 81: face detector found nothing, reusing last known bounding box.
Frame 86: face detector found nothing, reusing last known bounding box.
Frame 91: face detector found nothing, reusing last known bounding box.
Frame 96: face detector found nothing, reusing last known bounding box.
Frame 106: face detector found nothing, reusing last known bounding box.
Frame 111: face detector found nothing, reusing last known bounding box.
Frame 116: face detector found nothing, reusing last known bounding box.
Frame 121: face detector found nothing, reusing last known bounding box.
Frame 126: face detector found nothing, reusing last known bounding box.
Frame 131: face detector found nothing, reusing last known bounding box.
Frame 141: face detector found nothing, reusing last known bounding box.
Frame 146: face detector found nothing, reusing last known bounding box.
Frame 151: face detector found nothing, reusing last known bounding box.
Frame 156: face detector found nothing, reusing last known bounding box.
Frame 161: face detector found nothing, reusing last known bounding box.
Frame 166: face detector found nothing, reusing last known bounding box.
Frame 171: face detector found nothing, reusing last known bounding box.
Frame 181: face detector found nothing, reusing last known bounding box.
Frame 191: face detector found nothing, reusing last known bounding box.
Frame 196: face detector found nothing, reusing last known bounding box.
Frame 201: face detector found nothing, reusing last known bounding box.
Frame 246: face detector found nothing, reusing last known bounding box.
Frame 256: face detector found nothing, reusing last known bounding box.
Frame 266: face detector found nothing, reusing last known bounding box.
Frame 271: face detector found nothing, reusing last known bounding box.
Frame 276: face detector found nothing, reusing last known bounding box.
Frame 281: face detector found nothing, reusing last known bounding box.
Frame 296: face detector found nothing, reusing last known bounding box.
Frame 311: face detector found nothing, reusing last known bounding box.
Frame 326: face detector found nothing, reusing last known bounding box.
Frame 331: face detector found nothing, reusing last known bounding box.
Frame 336: face detector found nothing, reusing last known bounding box.
Frame 341: face detector found nothing, reusing last known bounding box.
Frame 346: face detector found nothing, reusing last known bounding box.
Frame 351: face detector found nothing, reusing last known bounding box.
Frame 356: face detector found nothing, reusing last known bounding box.
Frame 366: face detector found nothing, reusing last known bounding box.
Frame 371: face detector found nothing, reusing last known bounding box.
Frame 421: face detector found nothing, reusing last known bounding box.
Frame 426: face detector found nothing, reusing last known bounding box.
Frame 431: face detector found nothing, reusing last known bounding box.
Frame 436: face detector found nothing, reusing last known bounding box.
Frame 441: face detector found nothing, reusing last known bounding box.
Frame 446: face detector found nothing, reusing last known bounding box.
Frame 451: face detector found nothing, reusing last known bounding box.
Frame 456: face detector found nothing, reusing last known bounding box.
Frame 476: face detector found nothing, reusing last known bounding box.
Frame 486: face detector found nothing, reusing last known bounding box.
VIPL_p29_v5_source1 ok fs=16.147 n=489 gt=70.2 (124 rows)
loadVIPLVideo: WARNING -- container FrameRate (25 fps) disagrees with time.txt-derived FrameRate (16.1354 fps) by 35.4583% for I:\EEE 3-1\EEE 312\project\dataset\seg24_scratch\VIPL-HR\p30\v5\source1\video.avi. Using the time.txt-derived value -- see docs/VIPL_DATA_FORMAT.md Section 4.
VIPL_p30_v5_source1 ok fs=16.135 n=530 gt=74.9 (125 rows)
loadVIPLVideo: WARNING -- container FrameRate (25 fps) disagrees with time.txt-derived FrameRate (16.6349 fps) by 33.4605% for I:\EEE 3-1\EEE 312\project\dataset\seg24_scratch\VIPL-HR\p31\v5\source1\video.avi. Using the time.txt-derived value -- see docs/VIPL_DATA_FORMAT.md Section 4.
VIPL_p31_v5_source1 ok fs=16.635 n=507 gt=82.0 (126 rows)
loadVIPLVideo: WARNING -- container FrameRate (25 fps) disagrees with time.txt-derived FrameRate (16.6371 fps) by 33.4514% for I:\EEE 3-1\EEE 312\project\dataset\seg24_scratch\VIPL-HR\p32\v5\source1\video.avi. Using the time.txt-derived value -- see docs/VIPL_DATA_FORMAT.md Section 4.
VIPL_p32_v5_source1 ok fs=16.637 n=527 gt=89.6 (127 rows)
loadVIPLVideo: WARNING -- container FrameRate (25 fps) disagrees with time.txt-derived FrameRate (16.6349 fps) by 33.4604% for I:\EEE 3-1\EEE 312\project\dataset\seg24_scratch\VIPL-HR\p34\v5\source1\video.avi. Using the time.txt-derived value -- see docs/VIPL_DATA_FORMAT.md Section 4.
VIPL_p34_v5_source1 ok fs=16.635 n=516 gt=54.2 (128 rows)
loadVIPLVideo: WARNING -- container FrameRate (25 fps) disagrees with time.txt-derived FrameRate (16.6051 fps) by 33.5796% for I:\EEE 3-1\EEE 312\project\dataset\seg24_scratch\VIPL-HR\p35\v5\source1\video.avi. Using the time.txt-derived value -- see docs/VIPL_DATA_FORMAT.md Section 4.
VIPL_p35_v5_source1 ok fs=16.605 n=518 gt=75.1 (129 rows)
loadVIPLVideo: WARNING -- container FrameRate (25 fps) disagrees with time.txt-derived FrameRate (16.64 fps) by 33.44% for I:\EEE 3-1\EEE 312\project\dataset\seg24_scratch\VIPL-HR\p36\v5\source1\video.avi. Using the time.txt-derived value -- see docs/VIPL_DATA_FORMAT.md Section 4.
VIPL_p36_v5_source1 ok fs=16.640 n=677 gt=90.3 (130 rows)
loadVIPLVideo: WARNING -- container FrameRate (25 fps) disagrees with time.txt-derived FrameRate (16.6393 fps) by 33.4428% for I:\EEE 3-1\EEE 312\project\dataset\seg24_scratch\VIPL-HR\p37\v5\source1\video.avi. Using the time.txt-derived value -- see docs/VIPL_DATA_FORMAT.md Section 4.
VIPL_p37_v5_source1 ok fs=16.639 n=538 gt=84.0 (131 rows)
loadVIPLVideo: WARNING -- container FrameRate (25 fps) disagrees with time.txt-derived FrameRate (16.6376 fps) by 33.4497% for I:\EEE 3-1\EEE 312\project\dataset\seg24_scratch\VIPL-HR\p39\v5\source1\video.avi. Using the time.txt-derived value -- see docs/VIPL_DATA_FORMAT.md Section 4.
VIPL_p39_v5_source1 ok fs=16.638 n=506 gt=75.8 (132 rows)
loadVIPLVideo: WARNING -- container FrameRate (25 fps) disagrees with time.txt-derived FrameRate (16.6341 fps) by 33.4637% for I:\EEE 3-1\EEE 312\project\dataset\seg24_scratch\VIPL-HR\p40\v5\source1\video.avi. Using the time.txt-derived value -- see docs/VIPL_DATA_FORMAT.md Section 4.
VIPL_p40_v5_source1 ok fs=16.634 n=520 gt=92.6 (133 rows)
loadVIPLVideo: WARNING -- container FrameRate (25 fps) disagrees with time.txt-derived FrameRate (16.6471 fps) by 33.4118% for I:\EEE 3-1\EEE 312\project\dataset\seg24_scratch\VIPL-HR\p41\v5\source1\video.avi. Using the time.txt-derived value -- see docs/VIPL_DATA_FORMAT.md Section 4.
VIPL_p41_v5_source1 ok fs=16.647 n=567 gt=81.2 (134 rows)
loadVIPLVideo: WARNING -- container FrameRate (25 fps) disagrees with time.txt-derived FrameRate (16.6366 fps) by 33.4535% for I:\EEE 3-1\EEE 312\project\dataset\seg24_scratch\VIPL-HR\p42\v5\source1\video.avi. Using the time.txt-derived value -- see docs/VIPL_DATA_FORMAT.md Section 4.
VIPL_p42_v5_source1 ok fs=16.637 n=490 gt=63.8 (135 rows)
loadVIPLVideo: WARNING -- container FrameRate (25 fps) disagrees with time.txt-derived FrameRate (16.6388 fps) by 33.4448% for I:\EEE 3-1\EEE 312\project\dataset\seg24_scratch\VIPL-HR\p43\v5\source1\video.avi. Using the time.txt-derived value -- see docs/VIPL_DATA_FORMAT.md Section 4.
VIPL_p43_v5_source1 ok fs=16.639 n=588 gt=76.6 (136 rows)
loadVIPLVideo: WARNING -- container FrameRate (25 fps) disagrees with time.txt-derived FrameRate (16.5764 fps) by 33.6944% for I:\EEE 3-1\EEE 312\project\dataset\seg24_scratch\VIPL-HR\p44\v5\source1\video.avi. Using the time.txt-derived value -- see docs/VIPL_DATA_FORMAT.md Section 4.
Frame 341: face detector found nothing, reusing last known bounding box.
Frame 346: face detector found nothing, reusing last known bounding box.
Frame 351: face detector found nothing, reusing last known bounding box.
Frame 356: face detector found nothing, reusing last known bounding box.
Frame 361: face detector found nothing, reusing last known bounding box.
Frame 366: face detector found nothing, reusing last known bounding box.
Frame 371: face detector found nothing, reusing last known bounding box.
Frame 376: face detector found nothing, reusing last known bounding box.
Frame 381: face detector found nothing, reusing last known bounding box.
VIPL_p44_v5_source1 ok fs=16.576 n=506 gt=70.2 (137 rows)
loadVIPLVideo: WARNING -- container FrameRate (25 fps) disagrees with time.txt-derived FrameRate (29.7939 fps) by 19.1755% for I:\EEE 3-1\EEE 312\project\dataset\seg24_scratch\VIPL-HR\p45\v5\source1\video.avi. Using the time.txt-derived value -- see docs/VIPL_DATA_FORMAT.md Section 4.
VIPL_p45_v5_source1 ok fs=29.794 n=861 gt=80.1 (138 rows)
loadVIPLVideo: WARNING -- container FrameRate (25 fps) disagrees with time.txt-derived FrameRate (16.1364 fps) by 35.4545% for I:\EEE 3-1\EEE 312\project\dataset\seg24_scratch\VIPL-HR\p46\v5\source1\video.avi. Using the time.txt-derived value -- see docs/VIPL_DATA_FORMAT.md Section 4.
Frame 91: face detector found nothing, reusing last known bounding box.
VIPL_p46_v5_source1 ok fs=16.136 n=498 gt=77.2 (139 rows)
loadVIPLVideo: WARNING -- container FrameRate (25 fps) disagrees with time.txt-derived FrameRate (16.1374 fps) by 35.4503% for I:\EEE 3-1\EEE 312\project\dataset\seg24_scratch\VIPL-HR\p47\v5\source1\video.avi. Using the time.txt-derived value -- see docs/VIPL_DATA_FORMAT.md Section 4.
VIPL_p47_v5_source1 ok fs=16.137 n=497 gt=73.3 (140 rows)
loadVIPLVideo: WARNING -- container FrameRate (25 fps) disagrees with time.txt-derived FrameRate (16.1351 fps) by 35.4597% for I:\EEE 3-1\EEE 312\project\dataset\seg24_scratch\VIPL-HR\p48\v5\source1\video.avi. Using the time.txt-derived value -- see docs/VIPL_DATA_FORMAT.md Section 4.
VIPL_p48_v5_source1 ok fs=16.135 n=475 gt=88.7 (141 rows)
loadVIPLVideo: WARNING -- container FrameRate (25 fps) disagrees with time.txt-derived FrameRate (16.1438 fps) by 35.4248% for I:\EEE 3-1\EEE 312\project\dataset\seg24_scratch\VIPL-HR\p49\v5\source1\video.avi. Using the time.txt-derived value -- see docs/VIPL_DATA_FORMAT.md Section 4.
VIPL_p49_v5_source1 ok fs=16.144 n=530 gt=76.6 (142 rows)
loadVIPLVideo: WARNING -- container FrameRate (25 fps) disagrees with time.txt-derived FrameRate (16.1374 fps) by 35.4503% for I:\EEE 3-1\EEE 312\project\dataset\seg24_scratch\VIPL-HR\p50\v5\source1\video.avi. Using the time.txt-derived value -- see docs/VIPL_DATA_FORMAT.md Section 4.
Frame 251: face detector found nothing, reusing last known bounding box.
Frame 281: face detector found nothing, reusing last known bounding box.
VIPL_p50_v5_source1 ok fs=16.137 n=497 gt=80.7 (143 rows)
loadVIPLVideo: WARNING -- container FrameRate (25 fps) disagrees with time.txt-derived FrameRate (16.1339 fps) by 35.4645% for I:\EEE 3-1\EEE 312\project\dataset\seg24_scratch\VIPL-HR\p51\v5\source1\video.avi. Using the time.txt-derived value -- see docs/VIPL_DATA_FORMAT.md Section 4.
VIPL_p51_v5_source1 ok fs=16.134 n=485 gt=85.0 (144 rows)
loadVIPLVideo: WARNING -- container FrameRate (25 fps) disagrees with time.txt-derived FrameRate (16.138 fps) by 35.4481% for I:\EEE 3-1\EEE 312\project\dataset\seg24_scratch\VIPL-HR\p52\v5\source1\video.avi. Using the time.txt-derived value -- see docs/VIPL_DATA_FORMAT.md Section 4.
VIPL_p52_v5_source1 ok fs=16.138 n=496 gt=72.3 (145 rows)
loadVIPLVideo: WARNING -- container FrameRate (25 fps) disagrees with time.txt-derived FrameRate (16.1436 fps) by 35.4257% for I:\EEE 3-1\EEE 312\project\dataset\seg24_scratch\VIPL-HR\p53\v5\source1\video.avi. Using the time.txt-derived value -- see docs/VIPL_DATA_FORMAT.md Section 4.
VIPL_p53_v5_source1 ok fs=16.144 n=538 gt=89.7 (146 rows)
loadVIPLVideo: WARNING -- container FrameRate (25 fps) disagrees with time.txt-derived FrameRate (16.1354 fps) by 35.4584% for I:\EEE 3-1\EEE 312\project\dataset\seg24_scratch\VIPL-HR\p54\v5\source1\video.avi. Using the time.txt-derived value -- see docs/VIPL_DATA_FORMAT.md Section 4.
Frame 136: face detector found nothing, reusing last known bounding box.
Frame 141: face detector found nothing, reusing last known bounding box.
Frame 146: face detector found nothing, reusing last known bounding box.
Frame 151: face detector found nothing, reusing last known bounding box.
Frame 156: face detector found nothing, reusing last known bounding box.
Frame 161: face detector found nothing, reusing last known bounding box.
Frame 166: face detector found nothing, reusing last known bounding box.
Frame 171: face detector found nothing, reusing last known bounding box.
Frame 176: face detector found nothing, reusing last known bounding box.
Frame 181: face detector found nothing, reusing last known bounding box.
Frame 186: face detector found nothing, reusing last known bounding box.
Frame 191: face detector found nothing, reusing last known bounding box.
Frame 196: face detector found nothing, reusing last known bounding box.
VIPL_p54_v5_source1 ok fs=16.135 n=491 gt=78.6 (147 rows)
loadVIPLVideo: WARNING -- container FrameRate (25 fps) disagrees with time.txt-derived FrameRate (16.1349 fps) by 35.4605% for I:\EEE 3-1\EEE 312\project\dataset\seg24_scratch\VIPL-HR\p55\v5\source1\video.avi. Using the time.txt-derived value -- see docs/VIPL_DATA_FORMAT.md Section 4.
VIPL_p55_v5_source1 ok fs=16.135 n=491 gt=78.2 (148 rows)
loadVIPLVideo: WARNING -- container FrameRate (25 fps) disagrees with time.txt-derived FrameRate (16.1338 fps) by 35.4648% for I:\EEE 3-1\EEE 312\project\dataset\seg24_scratch\VIPL-HR\p56\v5\source1\video.avi. Using the time.txt-derived value -- see docs/VIPL_DATA_FORMAT.md Section 4.
VIPL_p56_v5_source1 ok fs=16.134 n=491 gt=73.2 (149 rows)
loadVIPLVideo: WARNING -- container FrameRate (25 fps) disagrees with time.txt-derived FrameRate (16.1342 fps) by 35.463% for I:\EEE 3-1\EEE 312\project\dataset\seg24_scratch\VIPL-HR\p57\v5\source1\video.avi. Using the time.txt-derived value -- see docs/VIPL_DATA_FORMAT.md Section 4.
VIPL_p57_v5_source1 ok fs=16.134 n=500 gt=54.3 (150 rows)
loadVIPLVideo: WARNING -- container FrameRate (25 fps) disagrees with time.txt-derived FrameRate (16.1344 fps) by 35.4623% for I:\EEE 3-1\EEE 312\project\dataset\seg24_scratch\VIPL-HR\p58\v5\source1\video.avi. Using the time.txt-derived value -- see docs/VIPL_DATA_FORMAT.md Section 4.
VIPL_p58_v5_source1 ok fs=16.134 n=531 gt=64.7 (151 rows)
loadVIPLVideo: WARNING -- container FrameRate (25 fps) disagrees with time.txt-derived FrameRate (16.0727 fps) by 35.7093% for I:\EEE 3-1\EEE 312\project\dataset\seg24_scratch\VIPL-HR\p59\v5\source1\video.avi. Using the time.txt-derived value -- see docs/VIPL_DATA_FORMAT.md Section 4.
VIPL_p59_v5_source1 ok fs=16.073 n=530 gt=72.6 (152 rows)
loadVIPLVideo: WARNING -- container FrameRate (25 fps) disagrees with time.txt-derived FrameRate (16.1357 fps) by 35.4571% for I:\EEE 3-1\EEE 312\project\dataset\seg24_scratch\VIPL-HR\p60\v5\source1\video.avi. Using the time.txt-derived value -- see docs/VIPL_DATA_FORMAT.md Section 4.
VIPL_p60_v5_source1 ok fs=16.136 n=506 gt=73.5 (153 rows)
loadVIPLVideo: WARNING -- container FrameRate (25 fps) disagrees with time.txt-derived FrameRate (16.1333 fps) by 35.4669% for I:\EEE 3-1\EEE 312\project\dataset\seg24_scratch\VIPL-HR\p62\v5\source1\video.avi. Using the time.txt-derived value -- see docs/VIPL_DATA_FORMAT.md Section 4.
VIPL_p62_v5_source1 ok fs=16.133 n=493 gt=72.5 (154 rows)
loadVIPLVideo: WARNING -- container FrameRate (25 fps) disagrees with time.txt-derived FrameRate (16.1426 fps) by 35.4296% for I:\EEE 3-1\EEE 312\project\dataset\seg24_scratch\VIPL-HR\p63\v5\source1\video.avi. Using the time.txt-derived value -- see docs/VIPL_DATA_FORMAT.md Section 4.
VIPL_p63_v5_source1 ok fs=16.143 n=500 gt=83.4 (155 rows)
loadVIPLVideo: WARNING -- container FrameRate (25 fps) disagrees with time.txt-derived FrameRate (16.1345 fps) by 35.462% for I:\EEE 3-1\EEE 312\project\dataset\seg24_scratch\VIPL-HR\p64\v5\source1\video.avi. Using the time.txt-derived value -- see docs/VIPL_DATA_FORMAT.md Section 4.
VIPL_p64_v5_source1 ok fs=16.135 n=619 gt=74.2 (156 rows)
loadVIPLVideo: WARNING -- container FrameRate (25 fps) disagrees with time.txt-derived FrameRate (16.141 fps) by 35.4361% for I:\EEE 3-1\EEE 312\project\dataset\seg24_scratch\VIPL-HR\p65\v5\source1\video.avi. Using the time.txt-derived value -- see docs/VIPL_DATA_FORMAT.md Section 4.
VIPL_p65_v5_source1 ok fs=16.141 n=502 gt=74.3 (157 rows)
loadVIPLVideo: WARNING -- container FrameRate (25 fps) disagrees with time.txt-derived FrameRate (16.1403 fps) by 35.4389% for I:\EEE 3-1\EEE 312\project\dataset\seg24_scratch\VIPL-HR\p66\v5\source1\video.avi. Using the time.txt-derived value -- see docs/VIPL_DATA_FORMAT.md Section 4.
VIPL_p66_v5_source1 ok fs=16.140 n=487 gt=73.3 (158 rows)
loadVIPLVideo: WARNING -- container FrameRate (25 fps) disagrees with time.txt-derived FrameRate (16.1358 fps) by 35.4567% for I:\EEE 3-1\EEE 312\project\dataset\seg24_scratch\VIPL-HR\p67\v5\source1\video.avi. Using the time.txt-derived value -- see docs/VIPL_DATA_FORMAT.md Section 4.
VIPL_p67_v5_source1 ok fs=16.136 n=499 gt=79.0 (159 rows)
loadVIPLVideo: WARNING -- container FrameRate (25 fps) disagrees with time.txt-derived FrameRate (16.1382 fps) by 35.447% for I:\EEE 3-1\EEE 312\project\dataset\seg24_scratch\VIPL-HR\p68\v5\source1\video.avi. Using the time.txt-derived value -- see docs/VIPL_DATA_FORMAT.md Section 4.
VIPL_p68_v5_source1 ok fs=16.138 n=425 gt=67.1 (160 rows)
loadVIPLVideo: WARNING -- container FrameRate (25 fps) disagrees with time.txt-derived FrameRate (16.1453 fps) by 35.4189% for I:\EEE 3-1\EEE 312\project\dataset\seg24_scratch\VIPL-HR\p69\v5\source1\video.avi. Using the time.txt-derived value -- see docs/VIPL_DATA_FORMAT.md Section 4.
VIPL_p69_v5_source1 ok fs=16.145 n=482 gt=60.0 (161 rows)
loadVIPLVideo: WARNING -- container FrameRate (25 fps) disagrees with time.txt-derived FrameRate (16.1416 fps) by 35.4334% for I:\EEE 3-1\EEE 312\project\dataset\seg24_scratch\VIPL-HR\p70\v5\source1\video.avi. Using the time.txt-derived value -- see docs/VIPL_DATA_FORMAT.md Section 4.
VIPL_p70_v5_source1 ok fs=16.142 n=517 gt=78.0 (162 rows)
loadVIPLVideo: WARNING -- container FrameRate (25 fps) disagrees with time.txt-derived FrameRate (16.1317 fps) by 35.4733% for I:\EEE 3-1\EEE 312\project\dataset\seg24_scratch\VIPL-HR\p71\v5\source1\video.avi. Using the time.txt-derived value -- see docs/VIPL_DATA_FORMAT.md Section 4.
VIPL_p71_v5_source1 ok fs=16.132 n=494 gt=69.2 (163 rows)
loadVIPLVideo: WARNING -- container FrameRate (25 fps) disagrees with time.txt-derived FrameRate (16.1369 fps) by 35.4522% for I:\EEE 3-1\EEE 312\project\dataset\seg24_scratch\VIPL-HR\p72\v5\source1\video.avi. Using the time.txt-derived value -- see docs/VIPL_DATA_FORMAT.md Section 4.
VIPL_p72_v5_source1 ok fs=16.137 n=560 gt=89.7 (164 rows)
loadVIPLVideo: WARNING -- container FrameRate (25 fps) disagrees with time.txt-derived FrameRate (16.1382 fps) by 35.4472% for I:\EEE 3-1\EEE 312\project\dataset\seg24_scratch\VIPL-HR\p73\v5\source1\video.avi. Using the time.txt-derived value -- see docs/VIPL_DATA_FORMAT.md Section 4.
VIPL_p73_v5_source1 ok fs=16.138 n=512 gt=78.6 (165 rows)
loadVIPLVideo: WARNING -- container FrameRate (25 fps) disagrees with time.txt-derived FrameRate (16.1378 fps) by 35.4488% for I:\EEE 3-1\EEE 312\project\dataset\seg24_scratch\VIPL-HR\p74\v5\source1\video.avi. Using the time.txt-derived value -- see docs/VIPL_DATA_FORMAT.md Section 4.
VIPL_p74_v5_source1 ok fs=16.138 n=536 gt=78.5 (166 rows)
loadVIPLVideo: WARNING -- container FrameRate (25 fps) disagrees with time.txt-derived FrameRate (16.139 fps) by 35.4441% for I:\EEE 3-1\EEE 312\project\dataset\seg24_scratch\VIPL-HR\p75\v5\source1\video.avi. Using the time.txt-derived value -- see docs/VIPL_DATA_FORMAT.md Section 4.
VIPL_p75_v5_source1 ok fs=16.139 n=472 gt=84.9 (167 rows)
loadVIPLVideo: WARNING -- container FrameRate (25 fps) disagrees with time.txt-derived FrameRate (16.1428 fps) by 35.4287% for I:\EEE 3-1\EEE 312\project\dataset\seg24_scratch\VIPL-HR\p76\v5\source1\video.avi. Using the time.txt-derived value -- see docs/VIPL_DATA_FORMAT.md Section 4.
VIPL_p76_v5_source1 ok fs=16.143 n=492 gt=72.8 (168 rows)
loadVIPLVideo: WARNING -- container FrameRate (25 fps) disagrees with time.txt-derived FrameRate (16.1382 fps) by 35.4472% for I:\EEE 3-1\EEE 312\project\dataset\seg24_scratch\VIPL-HR\p77\v5\source1\video.avi. Using the time.txt-derived value -- see docs/VIPL_DATA_FORMAT.md Section 4.
VIPL_p77_v5_source1 ok fs=16.138 n=512 gt=71.7 (169 rows)
loadVIPLVideo: WARNING -- container FrameRate (25 fps) disagrees with time.txt-derived FrameRate (16.0787 fps) by 35.6852% for I:\EEE 3-1\EEE 312\project\dataset\seg24_scratch\VIPL-HR\p78\v5\source1\video.avi. Using the time.txt-derived value -- see docs/VIPL_DATA_FORMAT.md Section 4.
VIPL_p78_v5_source1 ok fs=16.079 n=506 gt=85.9 (170 rows)
loadVIPLVideo: WARNING -- container FrameRate (25 fps) disagrees with time.txt-derived FrameRate (16.1381 fps) by 35.4477% for I:\EEE 3-1\EEE 312\project\dataset\seg24_scratch\VIPL-HR\p79\v5\source1\video.avi. Using the time.txt-derived value -- see docs/VIPL_DATA_FORMAT.md Section 4.
VIPL_p79_v5_source1 ok fs=16.138 n=519 gt=60.3 (171 rows)
loadVIPLVideo: WARNING -- container FrameRate (25 fps) disagrees with time.txt-derived FrameRate (16.1373 fps) by 35.4508% for I:\EEE 3-1\EEE 312\project\dataset\seg24_scratch\VIPL-HR\p80\v5\source1\video.avi. Using the time.txt-derived value -- see docs/VIPL_DATA_FORMAT.md Section 4.
VIPL_p80_v5_source1 ok fs=16.137 n=505 gt=79.2 (172 rows)
loadVIPLVideo: WARNING -- container FrameRate (25 fps) disagrees with time.txt-derived FrameRate (16.1373 fps) by 35.4508% for I:\EEE 3-1\EEE 312\project\dataset\seg24_scratch\VIPL-HR\p81\v5\source1\video.avi. Using the time.txt-derived value -- see docs/VIPL_DATA_FORMAT.md Section 4.
VIPL_p81_v5_source1 ok fs=16.137 n=568 gt=71.0 (173 rows)
loadVIPLVideo: WARNING -- container FrameRate (25 fps) disagrees with time.txt-derived FrameRate (16.1322 fps) by 35.471% for I:\EEE 3-1\EEE 312\project\dataset\seg24_scratch\VIPL-HR\p82\v5\source1\video.avi. Using the time.txt-derived value -- see docs/VIPL_DATA_FORMAT.md Section 4.
VIPL_p82_v5_source1 ok fs=16.132 n=487 gt=62.9 (174 rows)
loadVIPLVideo: WARNING -- container FrameRate (25 fps) disagrees with time.txt-derived FrameRate (16.1428 fps) by 35.4287% for I:\EEE 3-1\EEE 312\project\dataset\seg24_scratch\VIPL-HR\p83\v5\source1\video.avi. Using the time.txt-derived value -- see docs/VIPL_DATA_FORMAT.md Section 4.
VIPL_p83_v5_source1 ok fs=16.143 n=492 gt=76.2 (175 rows)
loadVIPLVideo: WARNING -- container FrameRate (25 fps) disagrees with time.txt-derived FrameRate (16.1428 fps) by 35.4287% for I:\EEE 3-1\EEE 312\project\dataset\seg24_scratch\VIPL-HR\p84\v5\source1\video.avi. Using the time.txt-derived value -- see docs/VIPL_DATA_FORMAT.md Section 4.
Frame 166: face detector found nothing, reusing last known bounding box.
Frame 181: face detector found nothing, reusing last known bounding box.
VIPL_p84_v5_source1 ok fs=16.143 n=492 gt=72.7 (176 rows)
loadVIPLVideo: WARNING -- container FrameRate (25 fps) disagrees with time.txt-derived FrameRate (16.139 fps) by 35.4438% for I:\EEE 3-1\EEE 312\project\dataset\seg24_scratch\VIPL-HR\p85\v5\source1\video.avi. Using the time.txt-derived value -- see docs/VIPL_DATA_FORMAT.md Section 4.
VIPL_p85_v5_source1 ok fs=16.139 n=495 gt=72.8 (177 rows)
loadVIPLVideo: WARNING -- container FrameRate (25 fps) disagrees with time.txt-derived FrameRate (16.1372 fps) by 35.4512% for I:\EEE 3-1\EEE 312\project\dataset\seg24_scratch\VIPL-HR\p86\v5\source1\video.avi. Using the time.txt-derived value -- see docs/VIPL_DATA_FORMAT.md Section 4.
VIPL_p86_v5_source1 ok fs=16.137 n=638 gt=61.8 (178 rows)
loadVIPLVideo: WARNING -- container FrameRate (25 fps) disagrees with time.txt-derived FrameRate (16.1401 fps) by 35.4396% for I:\EEE 3-1\EEE 312\project\dataset\seg24_scratch\VIPL-HR\p87\v5\source1\video.avi. Using the time.txt-derived value -- see docs/VIPL_DATA_FORMAT.md Section 4.
VIPL_p87_v5_source1 ok fs=16.140 n=471 gt=85.3 (179 rows)
loadVIPLVideo: WARNING -- container FrameRate (25 fps) disagrees with time.txt-derived FrameRate (16.1423 fps) by 35.4308% for I:\EEE 3-1\EEE 312\project\dataset\seg24_scratch\VIPL-HR\p88\v5\source1\video.avi. Using the time.txt-derived value -- see docs/VIPL_DATA_FORMAT.md Section 4.
VIPL_p88_v5_source1 ok fs=16.142 n=492 gt=76.7 (180 rows)
loadVIPLVideo: WARNING -- container FrameRate (25 fps) disagrees with time.txt-derived FrameRate (16.1322 fps) by 35.4712% for I:\EEE 3-1\EEE 312\project\dataset\seg24_scratch\VIPL-HR\p89\v5\source1\video.avi. Using the time.txt-derived value -- see docs/VIPL_DATA_FORMAT.md Section 4.
VIPL_p89_v5_source1 ok fs=16.132 n=493 gt=84.7 (181 rows)
loadVIPLVideo: WARNING -- container FrameRate (25 fps) disagrees with time.txt-derived FrameRate (16.1395 fps) by 35.4421% for I:\EEE 3-1\EEE 312\project\dataset\seg24_scratch\VIPL-HR\p90\v5\source1\video.avi. Using the time.txt-derived value -- see docs/VIPL_DATA_FORMAT.md Section 4.
Frame 376: face detector found nothing, reusing last known bounding box.
Frame 381: face detector found nothing, reusing last known bounding box.
Frame 386: face detector found nothing, reusing last known bounding box.
Frame 391: face detector found nothing, reusing last known bounding box.
Frame 396: face detector found nothing, reusing last known bounding box.
Frame 401: face detector found nothing, reusing last known bounding box.
VIPL_p90_v5_source1 ok fs=16.139 n=550 gt=91.5 (182 rows)
loadVIPLVideo: WARNING -- container FrameRate (25 fps) disagrees with time.txt-derived FrameRate (16.0788 fps) by 35.6848% for I:\EEE 3-1\EEE 312\project\dataset\seg24_scratch\VIPL-HR\p91\v5\source1\video.avi. Using the time.txt-derived value -- see docs/VIPL_DATA_FORMAT.md Section 4.
VIPL_p91_v5_source1 ok fs=16.079 n=507 gt=72.9 (183 rows)
loadVIPLVideo: WARNING -- container FrameRate (25 fps) disagrees with time.txt-derived FrameRate (16.1456 fps) by 35.4177% for I:\EEE 3-1\EEE 312\project\dataset\seg24_scratch\VIPL-HR\p92\v5\source1\video.avi. Using the time.txt-derived value -- see docs/VIPL_DATA_FORMAT.md Section 4.
VIPL_p92_v5_source1 ok fs=16.146 n=505 gt=78.7 (184 rows)
loadVIPLVideo: WARNING -- container FrameRate (25 fps) disagrees with time.txt-derived FrameRate (16.1348 fps) by 35.4606% for I:\EEE 3-1\EEE 312\project\dataset\seg24_scratch\VIPL-HR\p93\v5\source1\video.avi. Using the time.txt-derived value -- see docs/VIPL_DATA_FORMAT.md Section 4.
VIPL_p93_v5_source1 ok fs=16.135 n=538 gt=69.7 (185 rows)
loadVIPLVideo: WARNING -- container FrameRate (25 fps) disagrees with time.txt-derived FrameRate (16.0873 fps) by 35.6509% for I:\EEE 3-1\EEE 312\project\dataset\seg24_scratch\VIPL-HR\p94\v5\source1\video.avi. Using the time.txt-derived value -- see docs/VIPL_DATA_FORMAT.md Section 4.
Frame 341: face detector found nothing, reusing last known bounding box.
Frame 346: face detector found nothing, reusing last known bounding box.
Frame 351: face detector found nothing, reusing last known bounding box.
VIPL_p94_v5_source1 ok fs=16.087 n=610 gt=75.3 (186 rows)
loadVIPLVideo: WARNING -- container FrameRate (25 fps) disagrees with time.txt-derived FrameRate (16.1431 fps) by 35.4274% for I:\EEE 3-1\EEE 312\project\dataset\seg24_scratch\VIPL-HR\p95\v5\source1\video.avi. Using the time.txt-derived value -- see docs/VIPL_DATA_FORMAT.md Section 4.
VIPL_p95_v5_source1 ok fs=16.143 n=499 gt=81.4 (187 rows)
loadVIPLVideo: WARNING -- container FrameRate (25 fps) disagrees with time.txt-derived FrameRate (16.1339 fps) by 35.4645% for I:\EEE 3-1\EEE 312\project\dataset\seg24_scratch\VIPL-HR\p96\v5\source1\video.avi. Using the time.txt-derived value -- see docs/VIPL_DATA_FORMAT.md Section 4.
VIPL_p96_v5_source1 ok fs=16.134 n=484 gt=57.1 (188 rows)
loadVIPLVideo: WARNING -- container FrameRate (25 fps) disagrees with time.txt-derived FrameRate (29.9574 fps) by 19.8295% for I:\EEE 3-1\EEE 312\project\dataset\seg24_scratch\VIPL-HR\p1\v1\source3\video.avi. Using the time.txt-derived value -- see docs/VIPL_DATA_FORMAT.md Section 4.
VIPL_p1_v1_source3 ok fs=29.957 n=1041 gt=63.1 (189 rows)
loadVIPLVideo: WARNING -- container FrameRate (25 fps) disagrees with time.txt-derived FrameRate (29.92 fps) by 19.6799% for I:\EEE 3-1\EEE 312\project\dataset\seg24_scratch\VIPL-HR\p2\v1\source3\video.avi. Using the time.txt-derived value -- see docs/VIPL_DATA_FORMAT.md Section 4.
VIPL_p2_v1_source3 ok fs=29.920 n=801 gt=82.0 (190 rows)
loadVIPLVideo: WARNING -- container FrameRate (25 fps) disagrees with time.txt-derived FrameRate (29.8962 fps) by 19.5846% for I:\EEE 3-1\EEE 312\project\dataset\seg24_scratch\VIPL-HR\p3\v1\source3\video.avi. Using the time.txt-derived value -- see docs/VIPL_DATA_FORMAT.md Section 4.
Frame 476: face detector found nothing, reusing last known bounding box.
Frame 481: face detector found nothing, reusing last known bounding box.
Frame 486: face detector found nothing, reusing last known bounding box.
Frame 491: face detector found nothing, reusing last known bounding box.
VIPL_p3_v1_source3 ok fs=29.896 n=905 gt=74.5 (191 rows)
loadVIPLVideo: WARNING -- container FrameRate (25 fps) disagrees with time.txt-derived FrameRate (29.7819 fps) by 19.1277% for I:\EEE 3-1\EEE 312\project\dataset\seg24_scratch\VIPL-HR\p4\v1\source3\video.avi. Using the time.txt-derived value -- see docs/VIPL_DATA_FORMAT.md Section 4.
Frame 851: face detector found nothing, reusing last known bounding box.
Frame 856: face detector found nothing, reusing last known bounding box.
Frame 861: face detector found nothing, reusing last known bounding box.
Frame 866: face detector found nothing, reusing last known bounding box.
Frame 871: face detector found nothing, reusing last known bounding box.
VIPL_p4_v1_source3 ok fs=29.782 n=1002 gt=74.4 (192 rows)
loadVIPLVideo: WARNING -- container FrameRate (25 fps) disagrees with time.txt-derived FrameRate (29.9335 fps) by 19.7341% for I:\EEE 3-1\EEE 312\project\dataset\seg24_scratch\VIPL-HR\p5\v1\source3\video.avi. Using the time.txt-derived value -- see docs/VIPL_DATA_FORMAT.md Section 4.
VIPL_p5_v1_source3 ok fs=29.934 n=924 gt=87.0 (193 rows)
loadVIPLVideo: WARNING -- container FrameRate (25 fps) disagrees with time.txt-derived FrameRate (21.181 fps) by 15.2759% for I:\EEE 3-1\EEE 312\project\dataset\seg24_scratch\VIPL-HR\p6\v1\source3\video.avi. Using the time.txt-derived value -- see docs/VIPL_DATA_FORMAT.md Section 4.
VIPL_p6_v1_source3 ok fs=21.181 n=647 gt=65.6 (194 rows)
loadVIPLVideo: WARNING -- container FrameRate (25 fps) disagrees with time.txt-derived FrameRate (21.1852 fps) by 15.2591% for I:\EEE 3-1\EEE 312\project\dataset\seg24_scratch\VIPL-HR\p7\v1\source3\video.avi. Using the time.txt-derived value -- see docs/VIPL_DATA_FORMAT.md Section 4.
VIPL_p7_v1_source3 ok fs=21.185 n=667 gt=84.8 (195 rows)
loadVIPLVideo: WARNING -- container FrameRate (25 fps) disagrees with time.txt-derived FrameRate (21.1837 fps) by 15.2652% for I:\EEE 3-1\EEE 312\project\dataset\seg24_scratch\VIPL-HR\p8\v1\source3\video.avi. Using the time.txt-derived value -- see docs/VIPL_DATA_FORMAT.md Section 4.
Frame 421: face detector found nothing, reusing last known bounding box.
Frame 426: face detector found nothing, reusing last known bounding box.
Frame 431: face detector found nothing, reusing last known bounding box.
Frame 641: face detector found nothing, reusing last known bounding box.
VIPL_p8_v1_source3 ok fs=21.184 n=656 gt=83.8 (196 rows)
loadVIPLVideo: WARNING -- container FrameRate (25 fps) disagrees with time.txt-derived FrameRate (21.2633 fps) by 14.9469% for I:\EEE 3-1\EEE 312\project\dataset\seg24_scratch\VIPL-HR\p9\v1\source3\video.avi. Using the time.txt-derived value -- see docs/VIPL_DATA_FORMAT.md Section 4.
VIPL_p9_v1_source3 ok fs=21.263 n=714 gt=100.4 (197 rows)
loadVIPLVideo: WARNING -- container FrameRate (25 fps) disagrees with time.txt-derived FrameRate (21.0974 fps) by 15.6103% for I:\EEE 3-1\EEE 312\project\dataset\seg24_scratch\VIPL-HR\p10\v1\source3\video.avi. Using the time.txt-derived value -- see docs/VIPL_DATA_FORMAT.md Section 4.
Frame 91: face detector found nothing, reusing last known bounding box.
VIPL_p10_v1_source3 ok fs=21.097 n=710 gt=83.7 (198 rows)
loadVIPLVideo: WARNING -- container FrameRate (25 fps) disagrees with time.txt-derived FrameRate (29.713 fps) by 18.8519% for I:\EEE 3-1\EEE 312\project\dataset\seg24_scratch\VIPL-HR\p11\v1\source3\video.avi. Using the time.txt-derived value -- see docs/VIPL_DATA_FORMAT.md Section 4.
VIPL_p11_v1_source3 ok fs=29.713 n=854 gt=70.5 (199 rows)
loadVIPLVideo: WARNING -- container FrameRate (25 fps) disagrees with time.txt-derived FrameRate (21.2305 fps) by 15.0781% for I:\EEE 3-1\EEE 312\project\dataset\seg24_scratch\VIPL-HR\p12\v1\source3\video.avi. Using the time.txt-derived value -- see docs/VIPL_DATA_FORMAT.md Section 4.
VIPL_p12_v1_source3 ok fs=21.230 n=618 gt=89.0 (200 rows)
loadVIPLVideo: WARNING -- container FrameRate (25 fps) disagrees with time.txt-derived FrameRate (21.1598 fps) by 15.3606% for I:\EEE 3-1\EEE 312\project\dataset\seg24_scratch\VIPL-HR\p13\v1\source3\video.avi. Using the time.txt-derived value -- see docs/VIPL_DATA_FORMAT.md Section 4.
VIPL_p13_v1_source3 ok fs=21.160 n=618 gt=66.5 (201 rows)
loadVIPLVideo: WARNING -- container FrameRate (25 fps) disagrees with time.txt-derived FrameRate (21.1747 fps) by 15.3014% for I:\EEE 3-1\EEE 312\project\dataset\seg24_scratch\VIPL-HR\p14\v1\source3\video.avi. Using the time.txt-derived value -- see docs/VIPL_DATA_FORMAT.md Section 4.
VIPL_p14_v1_source3 ok fs=21.175 n=633 gt=90.6 (202 rows)
loadVIPLVideo: WARNING -- container FrameRate (25 fps) disagrees with time.txt-derived FrameRate (21.1835 fps) by 15.2659% for I:\EEE 3-1\EEE 312\project\dataset\seg24_scratch\VIPL-HR\p15\v1\source3\video.avi. Using the time.txt-derived value -- see docs/VIPL_DATA_FORMAT.md Section 4.
VIPL_p15_v1_source3 ok fs=21.184 n=650 gt=62.5 (203 rows)
loadVIPLVideo: WARNING -- container FrameRate (25 fps) disagrees with time.txt-derived FrameRate (20.9743 fps) by 16.1029% for I:\EEE 3-1\EEE 312\project\dataset\seg24_scratch\VIPL-HR\p16\v1\source3\video.avi. Using the time.txt-derived value -- see docs/VIPL_DATA_FORMAT.md Section 4.
VIPL_p16_v1_source3 ok fs=20.974 n=649 gt=78.7 (204 rows)
loadVIPLVideo: WARNING -- container FrameRate (25 fps) disagrees with time.txt-derived FrameRate (21.2404 fps) by 15.0384% for I:\EEE 3-1\EEE 312\project\dataset\seg24_scratch\VIPL-HR\p17\v1\source3\video.avi. Using the time.txt-derived value -- see docs/VIPL_DATA_FORMAT.md Section 4.
Frame 326: face detector found nothing, reusing last known bounding box.
VIPL_p17_v1_source3 ok fs=21.240 n=675 gt=76.3 (205 rows)
loadVIPLVideo: WARNING -- container FrameRate (25 fps) disagrees with time.txt-derived FrameRate (20.9347 fps) by 16.261% for I:\EEE 3-1\EEE 312\project\dataset\seg24_scratch\VIPL-HR\p18\v1\source3\video.avi. Using the time.txt-derived value -- see docs/VIPL_DATA_FORMAT.md Section 4.
VIPL_p18_v1_source3 ok fs=20.935 n=616 gt=76.7 (206 rows)
loadVIPLVideo: WARNING -- container FrameRate (25 fps) disagrees with time.txt-derived FrameRate (21.3341 fps) by 14.6634% for I:\EEE 3-1\EEE 312\project\dataset\seg24_scratch\VIPL-HR\p19\v1\source3\video.avi. Using the time.txt-derived value -- see docs/VIPL_DATA_FORMAT.md Section 4.
VIPL_p19_v1_source3 ok fs=21.334 n=703 gt=94.1 (207 rows)
loadVIPLVideo: WARNING -- container FrameRate (25 fps) disagrees with time.txt-derived FrameRate (20.9738 fps) by 16.1049% for I:\EEE 3-1\EEE 312\project\dataset\seg24_scratch\VIPL-HR\p20\v1\source3\video.avi. Using the time.txt-derived value -- see docs/VIPL_DATA_FORMAT.md Section 4.
VIPL_p20_v1_source3 ok fs=20.974 n=645 gt=63.8 (208 rows)
loadVIPLVideo: WARNING -- container FrameRate (25 fps) disagrees with time.txt-derived FrameRate (21.2197 fps) by 15.1212% for I:\EEE 3-1\EEE 312\project\dataset\seg24_scratch\VIPL-HR\p21\v1\source3\video.avi. Using the time.txt-derived value -- see docs/VIPL_DATA_FORMAT.md Section 4.
VIPL_p21_v1_source3 ok fs=21.220 n=850 gt=68.0 (209 rows)
loadVIPLVideo: WARNING -- container FrameRate (25 fps) disagrees with time.txt-derived FrameRate (21.1414 fps) by 15.4345% for I:\EEE 3-1\EEE 312\project\dataset\seg24_scratch\VIPL-HR\p22\v1\source3\video.avi. Using the time.txt-derived value -- see docs/VIPL_DATA_FORMAT.md Section 4.
VIPL_p22_v1_source3 ok fs=21.141 n=653 gt=47.0 (210 rows)
loadVIPLVideo: WARNING -- container FrameRate (25 fps) disagrees with time.txt-derived FrameRate (21.1033 fps) by 15.5868% for I:\EEE 3-1\EEE 312\project\dataset\seg24_scratch\VIPL-HR\p23\v1\source3\video.avi. Using the time.txt-derived value -- see docs/VIPL_DATA_FORMAT.md Section 4.
VIPL_p23_v1_source3 ok fs=21.103 n=641 gt=59.2 (211 rows)
loadVIPLVideo: WARNING -- container FrameRate (25 fps) disagrees with time.txt-derived FrameRate (21.1474 fps) by 15.4103% for I:\EEE 3-1\EEE 312\project\dataset\seg24_scratch\VIPL-HR\p24\v1\source3\video.avi. Using the time.txt-derived value -- see docs/VIPL_DATA_FORMAT.md Section 4.
VIPL_p24_v1_source3 ok fs=21.147 n=635 gt=87.2 (212 rows)
loadVIPLVideo: WARNING -- container FrameRate (25 fps) disagrees with time.txt-derived FrameRate (21.2254 fps) by 15.0984% for I:\EEE 3-1\EEE 312\project\dataset\seg24_scratch\VIPL-HR\p25\v1\source3\video.avi. Using the time.txt-derived value -- see docs/VIPL_DATA_FORMAT.md Section 4.
VIPL_p25_v1_source3 ok fs=21.225 n=645 gt=68.3 (213 rows)
loadVIPLVideo: WARNING -- container FrameRate (25 fps) disagrees with time.txt-derived FrameRate (21.0924 fps) by 15.6304% for I:\EEE 3-1\EEE 312\project\dataset\seg24_scratch\VIPL-HR\p26\v1\source3\video.avi. Using the time.txt-derived value -- see docs/VIPL_DATA_FORMAT.md Section 4.
VIPL_p26_v1_source3 ok fs=21.092 n=615 gt=85.5 (214 rows)
loadVIPLVideo: WARNING -- container FrameRate (25 fps) disagrees with time.txt-derived FrameRate (20.9421 fps) by 16.2315% for I:\EEE 3-1\EEE 312\project\dataset\seg24_scratch\VIPL-HR\p27\v1\source3\video.avi. Using the time.txt-derived value -- see docs/VIPL_DATA_FORMAT.md Section 4.
Frame 6: face detector found nothing, reusing last known bounding box.
Frame 11: face detector found nothing, reusing last known bounding box.
Frame 16: face detector found nothing, reusing last known bounding box.
Frame 21: face detector found nothing, reusing last known bounding box.
Frame 26: face detector found nothing, reusing last known bounding box.
Frame 31: face detector found nothing, reusing last known bounding box.
Frame 36: face detector found nothing, reusing last known bounding box.
Frame 41: face detector found nothing, reusing last known bounding box.
Frame 46: face detector found nothing, reusing last known bounding box.
Frame 51: face detector found nothing, reusing last known bounding box.
Frame 56: face detector found nothing, reusing last known bounding box.
Frame 61: face detector found nothing, reusing last known bounding box.
Frame 66: face detector found nothing, reusing last known bounding box.
Frame 71: face detector found nothing, reusing last known bounding box.
Frame 76: face detector found nothing, reusing last known bounding box.
Frame 81: face detector found nothing, reusing last known bounding box.
Frame 86: face detector found nothing, reusing last known bounding box.
Frame 91: face detector found nothing, reusing last known bounding box.
Frame 96: face detector found nothing, reusing last known bounding box.
Frame 101: face detector found nothing, reusing last known bounding box.
Frame 106: face detector found nothing, reusing last known bounding box.
Frame 111: face detector found nothing, reusing last known bounding box.
Frame 116: face detector found nothing, reusing last known bounding box.
Frame 121: face detector found nothing, reusing last known bounding box.
Frame 126: face detector found nothing, reusing last known bounding box.
Frame 131: face detector found nothing, reusing last known bounding box.
Frame 141: face detector found nothing, reusing last known bounding box.
Frame 146: face detector found nothing, reusing last known bounding box.
Frame 151: face detector found nothing, reusing last known bounding box.
Frame 156: face detector found nothing, reusing last known bounding box.
Frame 161: face detector found nothing, reusing last known bounding box.
Frame 166: face detector found nothing, reusing last known bounding box.
Frame 171: face detector found nothing, reusing last known bounding box.
Frame 176: face detector found nothing, reusing last known bounding box.
Frame 181: face detector found nothing, reusing last known bounding box.
Frame 186: face detector found nothing, reusing last known bounding box.
Frame 191: face detector found nothing, reusing last known bounding box.
Frame 196: face detector found nothing, reusing last known bounding box.
Frame 201: face detector found nothing, reusing last known bounding box.
Frame 211: face detector found nothing, reusing last known bounding box.
Frame 221: face detector found nothing, reusing last known bounding box.
Frame 226: face detector found nothing, reusing last known bounding box.
Frame 231: face detector found nothing, reusing last known bounding box.
Frame 236: face detector found nothing, reusing last known bounding box.
Frame 241: face detector found nothing, reusing last known bounding box.
Frame 251: face detector found nothing, reusing last known bounding box.
Frame 256: face detector found nothing, reusing last known bounding box.
Frame 261: face detector found nothing, reusing last known bounding box.
Frame 266: face detector found nothing, reusing last known bounding box.
Frame 271: face detector found nothing, reusing last known bounding box.
Frame 276: face detector found nothing, reusing last known bounding box.
Frame 281: face detector found nothing, reusing last known bounding box.
Frame 286: face detector found nothing, reusing last known bounding box.
Frame 291: face detector found nothing, reusing last known bounding box.
Frame 296: face detector found nothing, reusing last known bounding box.
Frame 301: face detector found nothing, reusing last known bounding box.
Frame 306: face detector found nothing, reusing last known bounding box.
Frame 311: face detector found nothing, reusing last known bounding box.
Frame 316: face detector found nothing, reusing last known bounding box.
Frame 321: face detector found nothing, reusing last known bounding box.
Frame 331: face detector found nothing, reusing last known bounding box.
Frame 336: face detector found nothing, reusing last known bounding box.
Frame 341: face detector found nothing, reusing last known bounding box.
Frame 346: face detector found nothing, reusing last known bounding box.
Frame 351: face detector found nothing, reusing last known bounding box.
Frame 356: face detector found nothing, reusing last known bounding box.
Frame 361: face detector found nothing, reusing last known bounding box.
Frame 366: face detector found nothing, reusing last known bounding box.
Frame 371: face detector found nothing, reusing last known bounding box.
Frame 376: face detector found nothing, reusing last known bounding box.
Frame 381: face detector found nothing, reusing last known bounding box.
Frame 386: face detector found nothing, reusing last known bounding box.
Frame 391: face detector found nothing, reusing last known bounding box.
Frame 396: face detector found nothing, reusing last known bounding box.
Frame 401: face detector found nothing, reusing last known bounding box.
Frame 406: face detector found nothing, reusing last known bounding box.
Frame 411: face detector found nothing, reusing last known bounding box.
Frame 416: face detector found nothing, reusing last known bounding box.
Frame 421: face detector found nothing, reusing last known bounding box.
Frame 426: face detector found nothing, reusing last known bounding box.
Frame 431: face detector found nothing, reusing last known bounding box.
Frame 436: face detector found nothing, reusing last known bounding box.
Frame 441: face detector found nothing, reusing last known bounding box.
Frame 446: face detector found nothing, reusing last known bounding box.
Frame 451: face detector found nothing, reusing last known bounding box.
Frame 456: face detector found nothing, reusing last known bounding box.
Frame 461: face detector found nothing, reusing last known bounding box.
Frame 466: face detector found nothing, reusing last known bounding box.
Frame 471: face detector found nothing, reusing last known bounding box.
Frame 476: face detector found nothing, reusing last known bounding box.
Frame 481: face detector found nothing, reusing last known bounding box.
Frame 486: face detector found nothing, reusing last known bounding box.
Frame 491: face detector found nothing, reusing last known bounding box.
Frame 496: face detector found nothing, reusing last known bounding box.
Frame 501: face detector found nothing, reusing last known bounding box.
Frame 506: face detector found nothing, reusing last known bounding box.
Frame 511: face detector found nothing, reusing last known bounding box.
Frame 516: face detector found nothing, reusing last known bounding box.
Frame 521: face detector found nothing, reusing last known bounding box.
Frame 526: face detector found nothing, reusing last known bounding box.
Frame 531: face detector found nothing, reusing last known bounding box.
Frame 536: face detector found nothing, reusing last known bounding box.
Frame 541: face detector found nothing, reusing last known bounding box.
Frame 546: face detector found nothing, reusing last known bounding box.
Frame 551: face detector found nothing, reusing last known bounding box.
Frame 556: face detector found nothing, reusing last known bounding box.
Frame 561: face detector found nothing, reusing last known bounding box.
Frame 566: face detector found nothing, reusing last known bounding box.
Frame 571: face detector found nothing, reusing last known bounding box.
Frame 576: face detector found nothing, reusing last known bounding box.
Frame 581: face detector found nothing, reusing last known bounding box.
Frame 586: face detector found nothing, reusing last known bounding box.
Frame 591: face detector found nothing, reusing last known bounding box.
Frame 601: face detector found nothing, reusing last known bounding box.
Frame 606: face detector found nothing, reusing last known bounding box.
Frame 611: face detector found nothing, reusing last known bounding box.
Frame 616: face detector found nothing, reusing last known bounding box.
Frame 621: face detector found nothing, reusing last known bounding box.
Frame 631: face detector found nothing, reusing last known bounding box.
Frame 636: face detector found nothing, reusing last known bounding box.
Frame 641: face detector found nothing, reusing last known bounding box.
Frame 646: face detector found nothing, reusing last known bounding box.
Frame 651: face detector found nothing, reusing last known bounding box.
Frame 656: face detector found nothing, reusing last known bounding box.
Frame 661: face detector found nothing, reusing last known bounding box.
Frame 666: face detector found nothing, reusing last known bounding box.
Frame 671: face detector found nothing, reusing last known bounding box.
Frame 676: face detector found nothing, reusing last known bounding box.
Frame 681: face detector found nothing, reusing last known bounding box.
Frame 686: face detector found nothing, reusing last known bounding box.
Frame 691: face detector found nothing, reusing last known bounding box.
Frame 696: face detector found nothing, reusing last known bounding box.
Frame 701: face detector found nothing, reusing last known bounding box.
Frame 706: face detector found nothing, reusing last known bounding box.
Frame 711: face detector found nothing, reusing last known bounding box.
Frame 716: face detector found nothing, reusing last known bounding box.
Frame 721: face detector found nothing, reusing last known bounding box.
Frame 726: face detector found nothing, reusing last known bounding box.
Frame 731: face detector found nothing, reusing last known bounding box.
Frame 736: face detector found nothing, reusing last known bounding box.
Frame 741: face detector found nothing, reusing last known bounding box.
Frame 751: face detector found nothing, reusing last known bounding box.
Frame 756: face detector found nothing, reusing last known bounding box.
Frame 761: face detector found nothing, reusing last known bounding box.
Frame 766: face detector found nothing, reusing last known bounding box.
Frame 771: face detector found nothing, reusing last known bounding box.
Frame 776: face detector found nothing, reusing last known bounding box.
Frame 781: face detector found nothing, reusing last known bounding box.
VIPL_p27_v1_source3 ok fs=20.942 n=783 gt=75.2 (215 rows)
loadVIPLVideo: WARNING -- container FrameRate (25 fps) disagrees with time.txt-derived FrameRate (21.2122 fps) by 15.1511% for I:\EEE 3-1\EEE 312\project\dataset\seg24_scratch\VIPL-HR\p28\v1\source3\video.avi. Using the time.txt-derived value -- see docs/VIPL_DATA_FORMAT.md Section 4.
VIPL_p28_v1_source3 ok fs=21.212 n=639 gt=67.8 (216 rows)
loadVIPLVideo: WARNING -- container FrameRate (25 fps) disagrees with time.txt-derived FrameRate (21.1523 fps) by 15.3908% for I:\EEE 3-1\EEE 312\project\dataset\seg24_scratch\VIPL-HR\p29\v1\source3\video.avi. Using the time.txt-derived value -- see docs/VIPL_DATA_FORMAT.md Section 4.
Frame 1: face detector found nothing, reusing last known bounding box.
Frame 1: no bounding box available yet, using centered fallback box.
Frame 2: no bounding box available yet, using centered fallback box.
Frame 3: no bounding box available yet, using centered fallback box.
Frame 4: no bounding box available yet, using centered fallback box.
Frame 5: no bounding box available yet, using centered fallback box.
Frame 6: face detector found nothing, reusing last known bounding box.
Frame 6: no bounding box available yet, using centered fallback box.
Frame 7: no bounding box available yet, using centered fallback box.
Frame 8: no bounding box available yet, using centered fallback box.
Frame 9: no bounding box available yet, using centered fallback box.
Frame 10: no bounding box available yet, using centered fallback box.
Frame 11: face detector found nothing, reusing last known bounding box.
Frame 11: no bounding box available yet, using centered fallback box.
Frame 12: no bounding box available yet, using centered fallback box.
Frame 13: no bounding box available yet, using centered fallback box.
Frame 14: no bounding box available yet, using centered fallback box.
Frame 15: no bounding box available yet, using centered fallback box.
Frame 21: face detector found nothing, reusing last known bounding box.
Frame 26: face detector found nothing, reusing last known bounding box.
Frame 41: face detector found nothing, reusing last known bounding box.
Frame 96: face detector found nothing, reusing last known bounding box.
Frame 146: face detector found nothing, reusing last known bounding box.
Frame 151: face detector found nothing, reusing last known bounding box.
Frame 161: face detector found nothing, reusing last known bounding box.
Frame 171: face detector found nothing, reusing last known bounding box.
Frame 176: face detector found nothing, reusing last known bounding box.
Frame 196: face detector found nothing, reusing last known bounding box.
Frame 316: face detector found nothing, reusing last known bounding box.
Frame 321: face detector found nothing, reusing last known bounding box.
Frame 326: face detector found nothing, reusing last known bounding box.
Frame 331: face detector found nothing, reusing last known bounding box.
Frame 336: face detector found nothing, reusing last known bounding box.
Frame 341: face detector found nothing, reusing last known bounding box.
Frame 346: face detector found nothing, reusing last known bounding box.
Frame 351: face detector found nothing, reusing last known bounding box.
Frame 356: face detector found nothing, reusing last known bounding box.
Frame 361: face detector found nothing, reusing last known bounding box.
Frame 366: face detector found nothing, reusing last known bounding box.
Frame 371: face detector found nothing, reusing last known bounding box.
Frame 376: face detector found nothing, reusing last known bounding box.
Frame 381: face detector found nothing, reusing last known bounding box.
Frame 386: face detector found nothing, reusing last known bounding box.
Frame 391: face detector found nothing, reusing last known bounding box.
Frame 431: face detector found nothing, reusing last known bounding box.
Frame 456: face detector found nothing, reusing last known bounding box.
Frame 486: face detector found nothing, reusing last known bounding box.
Frame 626: face detector found nothing, reusing last known bounding box.
Frame 631: face detector found nothing, reusing last known bounding box.
Frame 636: face detector found nothing, reusing last known bounding box.
Frame 656: face detector found nothing, reusing last known bounding box.
VIPL_p29_v1_source3 ok fs=21.152 n=660 gt=69.0 (217 rows)
loadVIPLVideo: WARNING -- container FrameRate (25 fps) disagrees with time.txt-derived FrameRate (21.034 fps) by 15.8639% for I:\EEE 3-1\EEE 312\project\dataset\seg24_scratch\VIPL-HR\p30\v1\source3\video.avi. Using the time.txt-derived value -- see docs/VIPL_DATA_FORMAT.md Section 4.
VIPL_p30_v1_source3 ok fs=21.034 n=632 gt=73.6 (218 rows)
loadVIPLVideo: WARNING -- container FrameRate (25 fps) disagrees with time.txt-derived FrameRate (21.2786 fps) by 14.8858% for I:\EEE 3-1\EEE 312\project\dataset\seg24_scratch\VIPL-HR\p31\v1\source3\video.avi. Using the time.txt-derived value -- see docs/VIPL_DATA_FORMAT.md Section 4.
VIPL_p31_v1_source3 ok fs=21.279 n=693 gt=94.6 (219 rows)
loadVIPLVideo: WARNING -- container FrameRate (25 fps) disagrees with time.txt-derived FrameRate (21.3155 fps) by 14.738% for I:\EEE 3-1\EEE 312\project\dataset\seg24_scratch\VIPL-HR\p32\v1\source3\video.avi. Using the time.txt-derived value -- see docs/VIPL_DATA_FORMAT.md Section 4.
VIPL_p32_v1_source3 ok fs=21.316 n=747 gt=86.8 (220 rows)
loadVIPLVideo: WARNING -- container FrameRate (25 fps) disagrees with time.txt-derived FrameRate (21.2246 fps) by 15.1015% for I:\EEE 3-1\EEE 312\project\dataset\seg24_scratch\VIPL-HR\p33\v1\source3\video.avi. Using the time.txt-derived value -- see docs/VIPL_DATA_FORMAT.md Section 4.
VIPL_p33_v1_source3 ok fs=21.225 n=644 gt=81.2 (221 rows)
loadVIPLVideo: WARNING -- container FrameRate (25 fps) disagrees with time.txt-derived FrameRate (21.2743 fps) by 14.9028% for I:\EEE 3-1\EEE 312\project\dataset\seg24_scratch\VIPL-HR\p34\v1\source3\video.avi. Using the time.txt-derived value -- see docs/VIPL_DATA_FORMAT.md Section 4.
VIPL_p34_v1_source3 ok fs=21.274 n=594 gt=59.2 (222 rows)
loadVIPLVideo: WARNING -- container FrameRate (25 fps) disagrees with time.txt-derived FrameRate (21.2785 fps) by 14.8859% for I:\EEE 3-1\EEE 312\project\dataset\seg24_scratch\VIPL-HR\p35\v1\source3\video.avi. Using the time.txt-derived value -- see docs/VIPL_DATA_FORMAT.md Section 4.
VIPL_p35_v1_source3 ok fs=21.279 n=707 gt=77.7 (223 rows)
loadVIPLVideo: WARNING -- container FrameRate (25 fps) disagrees with time.txt-derived FrameRate (21.1941 fps) by 15.2236% for I:\EEE 3-1\EEE 312\project\dataset\seg24_scratch\VIPL-HR\p36\v1\source3\video.avi. Using the time.txt-derived value -- see docs/VIPL_DATA_FORMAT.md Section 4.
VIPL_p36_v1_source3 ok fs=21.194 n=657 gt=85.9 (224 rows)
loadVIPLVideo: WARNING -- container FrameRate (25 fps) disagrees with time.txt-derived FrameRate (21.117 fps) by 15.532% for I:\EEE 3-1\EEE 312\project\dataset\seg24_scratch\VIPL-HR\p37\v1\source3\video.avi. Using the time.txt-derived value -- see docs/VIPL_DATA_FORMAT.md Section 4.
VIPL_p37_v1_source3 ok fs=21.117 n=702 gt=81.9 (225 rows)
loadVIPLVideo: WARNING -- container FrameRate (25 fps) disagrees with time.txt-derived FrameRate (20.7821 fps) by 16.8717% for I:\EEE 3-1\EEE 312\project\dataset\seg24_scratch\VIPL-HR\p38\v1\source3\video.avi. Using the time.txt-derived value -- see docs/VIPL_DATA_FORMAT.md Section 4.
VIPL_p38_v1_source3 ok fs=20.782 n=626 gt=78.1 (226 rows)
loadVIPLVideo: WARNING -- container FrameRate (25 fps) disagrees with time.txt-derived FrameRate (20.8851 fps) by 16.4597% for I:\EEE 3-1\EEE 312\project\dataset\seg24_scratch\VIPL-HR\p39\v1\source3\video.avi. Using the time.txt-derived value -- see docs/VIPL_DATA_FORMAT.md Section 4.
VIPL_p39_v1_source3 ok fs=20.885 n=682 gt=78.8 (227 rows)
loadVIPLVideo: WARNING -- container FrameRate (25 fps) disagrees with time.txt-derived FrameRate (21.1401 fps) by 15.4396% for I:\EEE 3-1\EEE 312\project\dataset\seg24_scratch\VIPL-HR\p40\v1\source3\video.avi. Using the time.txt-derived value -- see docs/VIPL_DATA_FORMAT.md Section 4.
VIPL_p40_v1_source3 ok fs=21.140 n=637 gt=93.1 (228 rows)
loadVIPLVideo: WARNING -- container FrameRate (25 fps) disagrees with time.txt-derived FrameRate (21.1571 fps) by 15.3715% for I:\EEE 3-1\EEE 312\project\dataset\seg24_scratch\VIPL-HR\p41\v1\source3\video.avi. Using the time.txt-derived value -- see docs/VIPL_DATA_FORMAT.md Section 4.
VIPL_p41_v1_source3 ok fs=21.157 n=634 gt=80.7 (229 rows)
loadVIPLVideo: WARNING -- container FrameRate (25 fps) disagrees with time.txt-derived FrameRate (21.2652 fps) by 14.9391% for I:\EEE 3-1\EEE 312\project\dataset\seg24_scratch\VIPL-HR\p42\v1\source3\video.avi. Using the time.txt-derived value -- see docs/VIPL_DATA_FORMAT.md Section 4.
VIPL_p42_v1_source3 ok fs=21.265 n=638 gt=65.3 (230 rows)
loadVIPLVideo: WARNING -- container FrameRate (25 fps) disagrees with time.txt-derived FrameRate (21.0291 fps) by 15.8837% for I:\EEE 3-1\EEE 312\project\dataset\seg24_scratch\VIPL-HR\p43\v1\source3\video.avi. Using the time.txt-derived value -- see docs/VIPL_DATA_FORMAT.md Section 4.
VIPL_p43_v1_source3 ok fs=21.029 n=668 gt=68.3 (231 rows)
loadVIPLVideo: WARNING -- container FrameRate (25 fps) disagrees with time.txt-derived FrameRate (21.2307 fps) by 15.0771% for I:\EEE 3-1\EEE 312\project\dataset\seg24_scratch\VIPL-HR\p44\v1\source3\video.avi. Using the time.txt-derived value -- see docs/VIPL_DATA_FORMAT.md Section 4.
VIPL_p44_v1_source3 ok fs=21.231 n=651 gt=68.0 (232 rows)
loadVIPLVideo: WARNING -- container FrameRate (25 fps) disagrees with time.txt-derived FrameRate (21.1656 fps) by 15.3375% for I:\EEE 3-1\EEE 312\project\dataset\seg24_scratch\VIPL-HR\p45\v1\source3\video.avi. Using the time.txt-derived value -- see docs/VIPL_DATA_FORMAT.md Section 4.
Frame 566: face detector found nothing, reusing last known bounding box.
VIPL_p45_v1_source3 ok fs=21.166 n=626 gt=81.0 (233 rows)
loadVIPLVideo: WARNING -- container FrameRate (25 fps) disagrees with time.txt-derived FrameRate (21.5417 fps) by 13.8332% for I:\EEE 3-1\EEE 312\project\dataset\seg24_scratch\VIPL-HR\p46\v1\source3\video.avi. Using the time.txt-derived value -- see docs/VIPL_DATA_FORMAT.md Section 4.
VIPL_p46_v1_source3 ok fs=21.542 n=658 gt=76.9 (234 rows)
loadVIPLVideo: WARNING -- container FrameRate (25 fps) disagrees with time.txt-derived FrameRate (21.2505 fps) by 14.998% for I:\EEE 3-1\EEE 312\project\dataset\seg24_scratch\VIPL-HR\p47\v1\source3\video.avi. Using the time.txt-derived value -- see docs/VIPL_DATA_FORMAT.md Section 4.
VIPL_p47_v1_source3 ok fs=21.251 n=521 gt=66.7 (235 rows)
loadVIPLVideo: WARNING -- container FrameRate (25 fps) disagrees with time.txt-derived FrameRate (21.1263 fps) by 15.4948% for I:\EEE 3-1\EEE 312\project\dataset\seg24_scratch\VIPL-HR\p48\v1\source3\video.avi. Using the time.txt-derived value -- see docs/VIPL_DATA_FORMAT.md Section 4.
VIPL_p48_v1_source3 ok fs=21.126 n=638 gt=81.0 (236 rows)
loadVIPLVideo: WARNING -- container FrameRate (25 fps) disagrees with time.txt-derived FrameRate (21.2401 fps) by 15.0397% for I:\EEE 3-1\EEE 312\project\dataset\seg24_scratch\VIPL-HR\p49\v1\source3\video.avi. Using the time.txt-derived value -- see docs/VIPL_DATA_FORMAT.md Section 4.
VIPL_p49_v1_source3 ok fs=21.240 n=830 gt=74.8 (237 rows)
loadVIPLVideo: WARNING -- container FrameRate (25 fps) disagrees with time.txt-derived FrameRate (21.1209 fps) by 15.5164% for I:\EEE 3-1\EEE 312\project\dataset\seg24_scratch\VIPL-HR\p50\v1\source3\video.avi. Using the time.txt-derived value -- see docs/VIPL_DATA_FORMAT.md Section 4.
Frame 516: face detector found nothing, reusing last known bounding box.
VIPL_p50_v1_source3 ok fs=21.121 n=662 gt=72.8 (238 rows)
loadVIPLVideo: WARNING -- container FrameRate (25 fps) disagrees with time.txt-derived FrameRate (21.2101 fps) by 15.1596% for I:\EEE 3-1\EEE 312\project\dataset\seg24_scratch\VIPL-HR\p51\v1\source3\video.avi. Using the time.txt-derived value -- see docs/VIPL_DATA_FORMAT.md Section 4.
VIPL_p51_v1_source3 ok fs=21.210 n=700 gt=81.9 (239 rows)
loadVIPLVideo: WARNING -- container FrameRate (25 fps) disagrees with time.txt-derived FrameRate (21.2563 fps) by 14.9746% for I:\EEE 3-1\EEE 312\project\dataset\seg24_scratch\VIPL-HR\p52\v1\source3\video.avi. Using the time.txt-derived value -- see docs/VIPL_DATA_FORMAT.md Section 4.
VIPL_p52_v1_source3 ok fs=21.256 n=738 gt=69.9 (240 rows)
loadVIPLVideo: WARNING -- container FrameRate (25 fps) disagrees with time.txt-derived FrameRate (21.2019 fps) by 15.1925% for I:\EEE 3-1\EEE 312\project\dataset\seg24_scratch\VIPL-HR\p53\v1\source3\video.avi. Using the time.txt-derived value -- see docs/VIPL_DATA_FORMAT.md Section 4.
VIPL_p53_v1_source3 ok fs=21.202 n=647 gt=70.1 (241 rows)
loadVIPLVideo: WARNING -- container FrameRate (25 fps) disagrees with time.txt-derived FrameRate (21.1506 fps) by 15.3976% for I:\EEE 3-1\EEE 312\project\dataset\seg24_scratch\VIPL-HR\p54\v1\source3\video.avi. Using the time.txt-derived value -- see docs/VIPL_DATA_FORMAT.md Section 4.
Frame 216: face detector found nothing, reusing last known bounding box.
Frame 221: face detector found nothing, reusing last known bounding box.
Frame 226: face detector found nothing, reusing last known bounding box.
Frame 231: face detector found nothing, reusing last known bounding box.
Frame 471: face detector found nothing, reusing last known bounding box.
Frame 476: face detector found nothing, reusing last known bounding box.
Frame 651: face detector found nothing, reusing last known bounding box.
VIPL_p54_v1_source3 ok fs=21.151 n=651 gt=80.0 (242 rows)
loadVIPLVideo: WARNING -- container FrameRate (25 fps) disagrees with time.txt-derived FrameRate (21.2193 fps) by 15.1229% for I:\EEE 3-1\EEE 312\project\dataset\seg24_scratch\VIPL-HR\p55\v1\source3\video.avi. Using the time.txt-derived value -- see docs/VIPL_DATA_FORMAT.md Section 4.
VIPL_p55_v1_source3 ok fs=21.219 n=639 gt=80.7 (243 rows)
loadVIPLVideo: WARNING -- container FrameRate (25 fps) disagrees with time.txt-derived FrameRate (21.034 fps) by 15.864% for I:\EEE 3-1\EEE 312\project\dataset\seg24_scratch\VIPL-HR\p56\v1\source3\video.avi. Using the time.txt-derived value -- see docs/VIPL_DATA_FORMAT.md Section 4.
VIPL_p56_v1_source3 ok fs=21.034 n=678 gt=73.3 (244 rows)
loadVIPLVideo: WARNING -- container FrameRate (25 fps) disagrees with time.txt-derived FrameRate (21.1506 fps) by 15.3975% for I:\EEE 3-1\EEE 312\project\dataset\seg24_scratch\VIPL-HR\p57\v1\source3\video.avi. Using the time.txt-derived value -- see docs/VIPL_DATA_FORMAT.md Section 4.
VIPL_p57_v1_source3 ok fs=21.151 n=719 gt=56.1 (245 rows)
loadVIPLVideo: WARNING -- container FrameRate (25 fps) disagrees with time.txt-derived FrameRate (21.1567 fps) by 15.3731% for I:\EEE 3-1\EEE 312\project\dataset\seg24_scratch\VIPL-HR\p58\v1\source3\video.avi. Using the time.txt-derived value -- see docs/VIPL_DATA_FORMAT.md Section 4.
VIPL_p58_v1_source3 ok fs=21.157 n=677 gt=63.7 (246 rows)
loadVIPLVideo: WARNING -- container FrameRate (25 fps) disagrees with time.txt-derived FrameRate (21.1464 fps) by 15.4146% for I:\EEE 3-1\EEE 312\project\dataset\seg24_scratch\VIPL-HR\p59\v1\source3\video.avi. Using the time.txt-derived value -- see docs/VIPL_DATA_FORMAT.md Section 4.
VIPL_p59_v1_source3 ok fs=21.146 n=647 gt=76.7 (247 rows)
loadVIPLVideo: WARNING -- container FrameRate (25 fps) disagrees with time.txt-derived FrameRate (21.1012 fps) by 15.5952% for I:\EEE 3-1\EEE 312\project\dataset\seg24_scratch\VIPL-HR\p60\v1\source3\video.avi. Using the time.txt-derived value -- see docs/VIPL_DATA_FORMAT.md Section 4.
VIPL_p60_v1_source3 ok fs=21.101 n=600 gt=72.7 (248 rows)
loadVIPLVideo: WARNING -- container FrameRate (25 fps) disagrees with time.txt-derived FrameRate (21.2335 fps) by 15.0659% for I:\EEE 3-1\EEE 312\project\dataset\seg24_scratch\VIPL-HR\p61\v1\source3\video.avi. Using the time.txt-derived value -- see docs/VIPL_DATA_FORMAT.md Section 4.
VIPL_p61_v1_source3 ok fs=21.234 n=641 gt=77.9 (249 rows)
loadVIPLVideo: WARNING -- container FrameRate (25 fps) disagrees with time.txt-derived FrameRate (20.9793 fps) by 16.083% for I:\EEE 3-1\EEE 312\project\dataset\seg24_scratch\VIPL-HR\p62\v1\source3\video.avi. Using the time.txt-derived value -- see docs/VIPL_DATA_FORMAT.md Section 4.
VIPL_p62_v1_source3 ok fs=20.979 n=630 gt=73.7 (250 rows)
loadVIPLVideo: WARNING -- container FrameRate (25 fps) disagrees with time.txt-derived FrameRate (21.0136 fps) by 15.9458% for I:\EEE 3-1\EEE 312\project\dataset\seg24_scratch\VIPL-HR\p63\v1\source3\video.avi. Using the time.txt-derived value -- see docs/VIPL_DATA_FORMAT.md Section 4.
VIPL_p63_v1_source3 ok fs=21.014 n=703 gt=78.1 (251 rows)
loadVIPLVideo: WARNING -- container FrameRate (25 fps) disagrees with time.txt-derived FrameRate (21.1736 fps) by 15.3056% for I:\EEE 3-1\EEE 312\project\dataset\seg24_scratch\VIPL-HR\p64\v1\source3\video.avi. Using the time.txt-derived value -- see docs/VIPL_DATA_FORMAT.md Section 4.
Frame 161: face detector found nothing, reusing last known bounding box.
Frame 166: face detector found nothing, reusing last known bounding box.
Frame 171: face detector found nothing, reusing last known bounding box.
Frame 176: face detector found nothing, reusing last known bounding box.
Frame 181: face detector found nothing, reusing last known bounding box.
Frame 186: face detector found nothing, reusing last known bounding box.
Frame 191: face detector found nothing, reusing last known bounding box.
Frame 196: face detector found nothing, reusing last known bounding box.
Frame 201: face detector found nothing, reusing last known bounding box.
Frame 206: face detector found nothing, reusing last known bounding box.
Frame 391: face detector found nothing, reusing last known bounding box.
Frame 396: face detector found nothing, reusing last known bounding box.
Frame 401: face detector found nothing, reusing last known bounding box.
Frame 406: face detector found nothing, reusing last known bounding box.
VIPL_p64_v1_source3 ok fs=21.174 n=784 gt=87.3 (252 rows)
loadVIPLVideo: WARNING -- container FrameRate (25 fps) disagrees with time.txt-derived FrameRate (21.0837 fps) by 15.665% for I:\EEE 3-1\EEE 312\project\dataset\seg24_scratch\VIPL-HR\p65\v1\source3\video.avi. Using the time.txt-derived value -- see docs/VIPL_DATA_FORMAT.md Section 4.
Frame 36: face detector found nothing, reusing last known bounding box.
Frame 41: face detector found nothing, reusing last known bounding box.
VIPL_p65_v1_source3 ok fs=21.084 n=643 gt=72.5 (253 rows)
loadVIPLVideo: WARNING -- container FrameRate (25 fps) disagrees with time.txt-derived FrameRate (21.1593 fps) by 15.3628% for I:\EEE 3-1\EEE 312\project\dataset\seg24_scratch\VIPL-HR\p66\v1\source3\video.avi. Using the time.txt-derived value -- see docs/VIPL_DATA_FORMAT.md Section 4.
VIPL_p66_v1_source3 ok fs=21.159 n=523 gt=67.0 (254 rows)
loadVIPLVideo: WARNING -- container FrameRate (25 fps) disagrees with time.txt-derived FrameRate (21.1929 fps) by 15.2284% for I:\EEE 3-1\EEE 312\project\dataset\seg24_scratch\VIPL-HR\p67\v1\source3\video.avi. Using the time.txt-derived value -- see docs/VIPL_DATA_FORMAT.md Section 4.
VIPL_p67_v1_source3 ok fs=21.193 n=669 gt=80.2 (255 rows)
loadVIPLVideo: WARNING -- container FrameRate (25 fps) disagrees with time.txt-derived FrameRate (21.1715 fps) by 15.3141% for I:\EEE 3-1\EEE 312\project\dataset\seg24_scratch\VIPL-HR\p68\v1\source3\video.avi. Using the time.txt-derived value -- see docs/VIPL_DATA_FORMAT.md Section 4.
VIPL_p68_v1_source3 ok fs=21.171 n=648 gt=65.4 (256 rows)
loadVIPLVideo: WARNING -- container FrameRate (25 fps) disagrees with time.txt-derived FrameRate (21.3097 fps) by 14.7611% for I:\EEE 3-1\EEE 312\project\dataset\seg24_scratch\VIPL-HR\p69\v1\source3\video.avi. Using the time.txt-derived value -- see docs/VIPL_DATA_FORMAT.md Section 4.
VIPL_p69_v1_source3 ok fs=21.310 n=644 gt=64.4 (257 rows)
loadVIPLVideo: WARNING -- container FrameRate (25 fps) disagrees with time.txt-derived FrameRate (21.0913 fps) by 15.6346% for I:\EEE 3-1\EEE 312\project\dataset\seg24_scratch\VIPL-HR\p70\v1\source3\video.avi. Using the time.txt-derived value -- see docs/VIPL_DATA_FORMAT.md Section 4.
VIPL_p70_v1_source3 ok fs=21.091 n=672 gt=77.0 (258 rows)
loadVIPLVideo: WARNING -- container FrameRate (25 fps) disagrees with time.txt-derived FrameRate (21.0285 fps) by 15.8861% for I:\EEE 3-1\EEE 312\project\dataset\seg24_scratch\VIPL-HR\p71\v1\source3\video.avi. Using the time.txt-derived value -- see docs/VIPL_DATA_FORMAT.md Section 4.
VIPL_p71_v1_source3 ok fs=21.028 n=661 gt=62.0 (259 rows)
loadVIPLVideo: WARNING -- container FrameRate (25 fps) disagrees with time.txt-derived FrameRate (21.1558 fps) by 15.3766% for I:\EEE 3-1\EEE 312\project\dataset\seg24_scratch\VIPL-HR\p72\v1\source3\video.avi. Using the time.txt-derived value -- see docs/VIPL_DATA_FORMAT.md Section 4.
VIPL_p72_v1_source3 ok fs=21.156 n=795 gt=87.8 (260 rows)
loadVIPLVideo: WARNING -- container FrameRate (25 fps) disagrees with time.txt-derived FrameRate (21.1315 fps) by 15.474% for I:\EEE 3-1\EEE 312\project\dataset\seg24_scratch\VIPL-HR\p73\v1\source3\video.avi. Using the time.txt-derived value -- see docs/VIPL_DATA_FORMAT.md Section 4.
VIPL_p73_v1_source3 ok fs=21.131 n=692 gt=72.0 (261 rows)
loadVIPLVideo: WARNING -- container FrameRate (25 fps) disagrees with time.txt-derived FrameRate (21.404 fps) by 14.3841% for I:\EEE 3-1\EEE 312\project\dataset\seg24_scratch\VIPL-HR\p74\v1\source3\video.avi. Using the time.txt-derived value -- see docs/VIPL_DATA_FORMAT.md Section 4.
VIPL_p74_v1_source3 ok fs=21.404 n=641 gt=70.5 (262 rows)
loadVIPLVideo: WARNING -- container FrameRate (25 fps) disagrees with time.txt-derived FrameRate (21.2585 fps) by 14.9661% for I:\EEE 3-1\EEE 312\project\dataset\seg24_scratch\VIPL-HR\p75\v1\source3\video.avi. Using the time.txt-derived value -- see docs/VIPL_DATA_FORMAT.md Section 4.
VIPL_p75_v1_source3 ok fs=21.258 n=650 gt=79.6 (263 rows)
loadVIPLVideo: WARNING -- container FrameRate (25 fps) disagrees with time.txt-derived FrameRate (21.1507 fps) by 15.3973% for I:\EEE 3-1\EEE 312\project\dataset\seg24_scratch\VIPL-HR\p76\v1\source3\video.avi. Using the time.txt-derived value -- see docs/VIPL_DATA_FORMAT.md Section 4.
VIPL_p76_v1_source3 ok fs=21.151 n=655 gt=77.1 (264 rows)
loadVIPLVideo: WARNING -- container FrameRate (25 fps) disagrees with time.txt-derived FrameRate (21.1845 fps) by 15.2619% for I:\EEE 3-1\EEE 312\project\dataset\seg24_scratch\VIPL-HR\p77\v1\source3\video.avi. Using the time.txt-derived value -- see docs/VIPL_DATA_FORMAT.md Section 4.
VIPL_p77_v1_source3 ok fs=21.185 n=657 gt=81.2 (265 rows)
loadVIPLVideo: WARNING -- container FrameRate (25 fps) disagrees with time.txt-derived FrameRate (20.979 fps) by 16.0839% for I:\EEE 3-1\EEE 312\project\dataset\seg24_scratch\VIPL-HR\p78\v1\source3\video.avi. Using the time.txt-derived value -- see docs/VIPL_DATA_FORMAT.md Section 4.
VIPL_p78_v1_source3 ok fs=20.979 n=709 gt=77.5 (266 rows)
loadVIPLVideo: WARNING -- container FrameRate (25 fps) disagrees with time.txt-derived FrameRate (20.9734 fps) by 16.1064% for I:\EEE 3-1\EEE 312\project\dataset\seg24_scratch\VIPL-HR\p79\v1\source3\video.avi. Using the time.txt-derived value -- see docs/VIPL_DATA_FORMAT.md Section 4.
VIPL_p79_v1_source3 ok fs=20.973 n=653 gt=62.6 (267 rows)
loadVIPLVideo: WARNING -- container FrameRate (25 fps) disagrees with time.txt-derived FrameRate (21.193 fps) by 15.2281% for I:\EEE 3-1\EEE 312\project\dataset\seg24_scratch\VIPL-HR\p80\v1\source3\video.avi. Using the time.txt-derived value -- see docs/VIPL_DATA_FORMAT.md Section 4.
VIPL_p80_v1_source3 ok fs=21.193 n=648 gt=78.7 (268 rows)
loadVIPLVideo: WARNING -- container FrameRate (25 fps) disagrees with time.txt-derived FrameRate (21.0798 fps) by 15.6806% for I:\EEE 3-1\EEE 312\project\dataset\seg24_scratch\VIPL-HR\p81\v1\source3\video.avi. Using the time.txt-derived value -- see docs/VIPL_DATA_FORMAT.md Section 4.
VIPL_p81_v1_source3 ok fs=21.080 n=637 gt=71.5 (269 rows)
loadVIPLVideo: WARNING -- container FrameRate (25 fps) disagrees with time.txt-derived FrameRate (21.2273 fps) by 15.0907% for I:\EEE 3-1\EEE 312\project\dataset\seg24_scratch\VIPL-HR\p82\v1\source3\video.avi. Using the time.txt-derived value -- see docs/VIPL_DATA_FORMAT.md Section 4.
Frame 296: face detector found nothing, reusing last known bounding box.
Frame 336: face detector found nothing, reusing last known bounding box.
VIPL_p82_v1_source3 ok fs=21.227 n=661 gt=59.8 (270 rows)
loadVIPLVideo: WARNING -- container FrameRate (25 fps) disagrees with time.txt-derived FrameRate (21.2271 fps) by 15.0917% for I:\EEE 3-1\EEE 312\project\dataset\seg24_scratch\VIPL-HR\p83\v1\source3\video.avi. Using the time.txt-derived value -- see docs/VIPL_DATA_FORMAT.md Section 4.
VIPL_p83_v1_source3 ok fs=21.227 n=995 gt=74.5 (271 rows)
loadVIPLVideo: WARNING -- container FrameRate (25 fps) disagrees with time.txt-derived FrameRate (21.1502 fps) by 15.399% for I:\EEE 3-1\EEE 312\project\dataset\seg24_scratch\VIPL-HR\p84\v1\source3\video.avi. Using the time.txt-derived value -- see docs/VIPL_DATA_FORMAT.md Section 4.
VIPL_p84_v1_source3 ok fs=21.150 n=610 gt=79.1 (272 rows)
loadVIPLVideo: WARNING -- container FrameRate (25 fps) disagrees with time.txt-derived FrameRate (21.1138 fps) by 15.545% for I:\EEE 3-1\EEE 312\project\dataset\seg24_scratch\VIPL-HR\p85\v1\source3\video.avi. Using the time.txt-derived value -- see docs/VIPL_DATA_FORMAT.md Section 4.
VIPL_p85_v1_source3 ok fs=21.114 n=641 gt=74.5 (273 rows)
loadVIPLVideo: WARNING -- container FrameRate (25 fps) disagrees with time.txt-derived FrameRate (21.1023 fps) by 15.5907% for I:\EEE 3-1\EEE 312\project\dataset\seg24_scratch\VIPL-HR\p86\v1\source3\video.avi. Using the time.txt-derived value -- see docs/VIPL_DATA_FORMAT.md Section 4.
VIPL_p86_v1_source3 ok fs=21.102 n=609 gt=57.6 (274 rows)
loadVIPLVideo: WARNING -- container FrameRate (25 fps) disagrees with time.txt-derived FrameRate (21.2077 fps) by 15.169% for I:\EEE 3-1\EEE 312\project\dataset\seg24_scratch\VIPL-HR\p87\v1\source3\video.avi. Using the time.txt-derived value -- see docs/VIPL_DATA_FORMAT.md Section 4.
VIPL_p87_v1_source3 ok fs=21.208 n=676 gt=83.0 (275 rows)
loadVIPLVideo: WARNING -- container FrameRate (25 fps) disagrees with time.txt-derived FrameRate (21.2808 fps) by 14.8767% for I:\EEE 3-1\EEE 312\project\dataset\seg24_scratch\VIPL-HR\p88\v1\source3\video.avi. Using the time.txt-derived value -- see docs/VIPL_DATA_FORMAT.md Section 4.
VIPL_p88_v1_source3 ok fs=21.281 n=751 gt=79.2 (276 rows)
loadVIPLVideo: WARNING -- container FrameRate (25 fps) disagrees with time.txt-derived FrameRate (21.1706 fps) by 15.3177% for I:\EEE 3-1\EEE 312\project\dataset\seg24_scratch\VIPL-HR\p89\v1\source3\video.avi. Using the time.txt-derived value -- see docs/VIPL_DATA_FORMAT.md Section 4.
VIPL_p89_v1_source3 ok fs=21.171 n=651 gt=86.9 (277 rows)
loadVIPLVideo: WARNING -- container FrameRate (25 fps) disagrees with time.txt-derived FrameRate (21.1705 fps) by 15.3179% for I:\EEE 3-1\EEE 312\project\dataset\seg24_scratch\VIPL-HR\p90\v1\source3\video.avi. Using the time.txt-derived value -- see docs/VIPL_DATA_FORMAT.md Section 4.
Frame 311: face detector found nothing, reusing last known bounding box.
Frame 321: face detector found nothing, reusing last known bounding box.
Frame 331: face detector found nothing, reusing last known bounding box.
VIPL_p90_v1_source3 ok fs=21.171 n=638 gt=77.9 (278 rows)
loadVIPLVideo: WARNING -- container FrameRate (25 fps) disagrees with time.txt-derived FrameRate (21.1491 fps) by 15.4038% for I:\EEE 3-1\EEE 312\project\dataset\seg24_scratch\VIPL-HR\p91\v1\source3\video.avi. Using the time.txt-derived value -- see docs/VIPL_DATA_FORMAT.md Section 4.
VIPL_p91_v1_source3 ok fs=21.149 n=689 gt=64.5 (279 rows)
loadVIPLVideo: WARNING -- container FrameRate (25 fps) disagrees with time.txt-derived FrameRate (21.1702 fps) by 15.3192% for I:\EEE 3-1\EEE 312\project\dataset\seg24_scratch\VIPL-HR\p92\v1\source3\video.avi. Using the time.txt-derived value -- see docs/VIPL_DATA_FORMAT.md Section 4.
VIPL_p92_v1_source3 ok fs=21.170 n=691 gt=71.5 (280 rows)
loadVIPLVideo: WARNING -- container FrameRate (25 fps) disagrees with time.txt-derived FrameRate (21.0577 fps) by 15.7694% for I:\EEE 3-1\EEE 312\project\dataset\seg24_scratch\VIPL-HR\p93\v1\source3\video.avi. Using the time.txt-derived value -- see docs/VIPL_DATA_FORMAT.md Section 4.
VIPL_p93_v1_source3 ok fs=21.058 n=662 gt=70.7 (281 rows)
loadVIPLVideo: WARNING -- container FrameRate (25 fps) disagrees with time.txt-derived FrameRate (21.3246 fps) by 14.7015% for I:\EEE 3-1\EEE 312\project\dataset\seg24_scratch\VIPL-HR\p94\v1\source3\video.avi. Using the time.txt-derived value -- see docs/VIPL_DATA_FORMAT.md Section 4.
VIPL_p94_v1_source3 ok fs=21.325 n=738 gt=70.3 (282 rows)
loadVIPLVideo: WARNING -- container FrameRate (25 fps) disagrees with time.txt-derived FrameRate (21.3677 fps) by 14.5294% for I:\EEE 3-1\EEE 312\project\dataset\seg24_scratch\VIPL-HR\p95\v1\source3\video.avi. Using the time.txt-derived value -- see docs/VIPL_DATA_FORMAT.md Section 4.
VIPL_p95_v1_source3 ok fs=21.368 n=665 gt=74.2 (283 rows)
loadVIPLVideo: WARNING -- container FrameRate (25 fps) disagrees with time.txt-derived FrameRate (21.2689 fps) by 14.9246% for I:\EEE 3-1\EEE 312\project\dataset\seg24_scratch\VIPL-HR\p96\v1\source3\video.avi. Using the time.txt-derived value -- see docs/VIPL_DATA_FORMAT.md Section 4.
VIPL_p96_v1_source3 ok fs=21.269 n=527 gt=56.6 (284 rows)
loadVIPLVideo: WARNING -- container FrameRate (25 fps) disagrees with time.txt-derived FrameRate (21.237 fps) by 15.0521% for I:\EEE 3-1\EEE 312\project\dataset\seg24_scratch\VIPL-HR\p97\v1\source3\video.avi. Using the time.txt-derived value -- see docs/VIPL_DATA_FORMAT.md Section 4.
VIPL_p97_v1_source3 ok fs=21.237 n=651 gt=97.5 (285 rows)
loadVIPLVideo: WARNING -- container FrameRate (25 fps) disagrees with time.txt-derived FrameRate (21.4471 fps) by 14.2116% for I:\EEE 3-1\EEE 312\project\dataset\seg24_scratch\VIPL-HR\p98\v1\source3\video.avi. Using the time.txt-derived value -- see docs/VIPL_DATA_FORMAT.md Section 4.
VIPL_p98_v1_source3 ok fs=21.447 n=638 gt=72.9 (286 rows)
loadVIPLVideo: WARNING -- container FrameRate (25 fps) disagrees with time.txt-derived FrameRate (21.1934 fps) by 15.2264% for I:\EEE 3-1\EEE 312\project\dataset\seg24_scratch\VIPL-HR\p99\v1\source3\video.avi. Using the time.txt-derived value -- see docs/VIPL_DATA_FORMAT.md Section 4.
VIPL_p99_v1_source3 ok fs=21.193 n=646 gt=71.8 (287 rows)
loadVIPLVideo: WARNING -- container FrameRate (25 fps) disagrees with time.txt-derived FrameRate (21.3235 fps) by 14.7062% for I:\EEE 3-1\EEE 312\project\dataset\seg24_scratch\VIPL-HR\p100\v1\source3\video.avi. Using the time.txt-derived value -- see docs/VIPL_DATA_FORMAT.md Section 4.
VIPL_p100_v1_source3 ok fs=21.323 n=698 gt=91.8 (288 rows)
loadVIPLVideo: WARNING -- container FrameRate (25 fps) disagrees with time.txt-derived FrameRate (21.2599 fps) by 14.9604% for I:\EEE 3-1\EEE 312\project\dataset\seg24_scratch\VIPL-HR\p101\v1\source3\video.avi. Using the time.txt-derived value -- see docs/VIPL_DATA_FORMAT.md Section 4.
VIPL_p101_v1_source3 ok fs=21.260 n=651 gt=79.2 (289 rows)
loadVIPLVideo: WARNING -- container FrameRate (25 fps) disagrees with time.txt-derived FrameRate (21.1258 fps) by 15.4967% for I:\EEE 3-1\EEE 312\project\dataset\seg24_scratch\VIPL-HR\p102\v1\source3\video.avi. Using the time.txt-derived value -- see docs/VIPL_DATA_FORMAT.md Section 4.
VIPL_p102_v1_source3 ok fs=21.126 n=642 gt=72.9 (290 rows)
loadVIPLVideo: WARNING -- container FrameRate (25 fps) disagrees with time.txt-derived FrameRate (21.2432 fps) by 15.0273% for I:\EEE 3-1\EEE 312\project\dataset\seg24_scratch\VIPL-HR\p103\v1\source3\video.avi. Using the time.txt-derived value -- see docs/VIPL_DATA_FORMAT.md Section 4.
Frame 346: face detector found nothing, reusing last known bounding box.
Frame 351: face detector found nothing, reusing last known bounding box.
Frame 361: face detector found nothing, reusing last known bounding box.
Frame 366: face detector found nothing, reusing last known bounding box.
Frame 371: face detector found nothing, reusing last known bounding box.
Frame 381: face detector found nothing, reusing last known bounding box.
Frame 766: face detector found nothing, reusing last known bounding box.
Frame 771: face detector found nothing, reusing last known bounding box.
VIPL_p103_v1_source3 ok fs=21.243 n=772 gt=65.0 (291 rows)
loadVIPLVideo: WARNING -- container FrameRate (25 fps) disagrees with time.txt-derived FrameRate (21.3239 fps) by 14.7045% for I:\EEE 3-1\EEE 312\project\dataset\seg24_scratch\VIPL-HR\p104\v1\source3\video.avi. Using the time.txt-derived value -- see docs/VIPL_DATA_FORMAT.md Section 4.
Frame 96: face detector found nothing, reusing last known bounding box.
VIPL_p104_v1_source3 ok fs=21.324 n=663 gt=88.5 (292 rows)
loadVIPLVideo: WARNING -- container FrameRate (25 fps) disagrees with time.txt-derived FrameRate (21.145 fps) by 15.4201% for I:\EEE 3-1\EEE 312\project\dataset\seg24_scratch\VIPL-HR\p105\v1\source3\video.avi. Using the time.txt-derived value -- see docs/VIPL_DATA_FORMAT.md Section 4.
VIPL_p105_v1_source3 ok fs=21.145 n=671 gt=63.4 (293 rows)
loadVIPLVideo: WARNING -- container FrameRate (25 fps) disagrees with time.txt-derived FrameRate (21.2645 fps) by 14.942% for I:\EEE 3-1\EEE 312\project\dataset\seg24_scratch\VIPL-HR\p106\v1\source3\video.avi. Using the time.txt-derived value -- see docs/VIPL_DATA_FORMAT.md Section 4.
VIPL_p106_v1_source3 ok fs=21.264 n=711 gt=74.6 (294 rows)
loadVIPLVideo: WARNING -- container FrameRate (25 fps) disagrees with time.txt-derived FrameRate (21.7879 fps) by 12.8483% for I:\EEE 3-1\EEE 312\project\dataset\seg24_scratch\VIPL-HR\p107\v1\source3\video.avi. Using the time.txt-derived value -- see docs/VIPL_DATA_FORMAT.md Section 4.
VIPL_p107_v1_source3 ok fs=21.788 n=593 gt=82.5 (295 rows)
DONE
